-- phpMyAdmin SQL Dump
-- version 4.0.10deb1
-- http://www.phpmyadmin.net
--
-- Host: localhost
-- Erstellungszeit: 22. Dez 2014 um 15:08
-- Server Version: 5.5.40-0ubuntu0.14.04.1
-- PHP-Version: 5.5.9-1ubuntu4.5

SET SQL_MODE = "NO_AUTO_VALUE_ON_ZERO";
SET time_zone = "+00:00";


/*!40101 SET @OLD_CHARACTER_SET_CLIENT=@@CHARACTER_SET_CLIENT */;
/*!40101 SET @OLD_CHARACTER_SET_RESULTS=@@CHARACTER_SET_RESULTS */;
/*!40101 SET @OLD_COLLATION_CONNECTION=@@COLLATION_CONNECTION */;
/*!40101 SET NAMES utf8 */;

--
-- Datenbank: `myLexicon`
--

-- --------------------------------------------------------

--
-- Stellvertreter-Struktur des Views `base_lexemes`
--
CREATE TABLE IF NOT EXISTS `base_lexemes` (
`meaningid` int(10)
,`targetid` int(10)
,`userid` int(10)
,`frequency` int(10)
,`id` int(10)
,`language` char(2)
,`type` varchar(30)
,`entry` varchar(255)
,`date_entered` timestamp
);
-- --------------------------------------------------------

--
-- Tabellenstruktur für Tabelle `clarifications`
--

CREATE TABLE IF NOT EXISTS `clarifications` (
  `id` int(10) NOT NULL AUTO_INCREMENT,
  `meaningid` int(10) NOT NULL,
  `clarification` varchar(255) NOT NULL,
  PRIMARY KEY (`id`),
  KEY `meaning_clarifications` (`meaningid`)
) ENGINE=InnoDB  DEFAULT CHARSET=latin1 AUTO_INCREMENT=3 ;

--
-- Daten für Tabelle `clarifications`
--

INSERT INTO `clarifications` (`id`, `meaningid`, `clarification`) VALUES
(1, 73, 'music'),
(2, 243, 'wine tasting');

-- --------------------------------------------------------

--
-- Tabellenstruktur für Tabelle `examples`
--

CREATE TABLE IF NOT EXISTS `examples` (
  `id` int(10) NOT NULL AUTO_INCREMENT,
  `meaningid` int(10) NOT NULL,
  `example_target` varchar(255) DEFAULT NULL,
  `example_base` varchar(255) NOT NULL,
  PRIMARY KEY (`id`),
  KEY `meaning_examples` (`meaningid`)
) ENGINE=InnoDB  DEFAULT CHARSET=latin1 AUTO_INCREMENT=3 ;

--
-- Daten für Tabelle `examples`
--

INSERT INTO `examples` (`id`, `meaningid`, `example_target`, `example_base`) VALUES
(1, 243, 'fruchtiger Abgang', 'fruity finish'),
(2, 419, 'eine Tafel Schokolade', 'a chocolate bar');

-- --------------------------------------------------------

--
-- Tabellenstruktur für Tabelle `languages`
--

CREATE TABLE IF NOT EXISTS `languages` (
  `name` char(49) DEFAULT NULL,
  `iso_639` char(2) NOT NULL,
  PRIMARY KEY (`iso_639`)
) ENGINE=InnoDB DEFAULT CHARSET=latin1;

--
-- Daten für Tabelle `languages`
--

INSERT INTO `languages` (`name`, `iso_639`) VALUES
('Afar', 'aa'),
('Abkhazian', 'ab'),
('Afrikaans', 'af'),
('Amharic', 'am'),
('Arabic', 'ar'),
('Assamese', 'as'),
('Aymara', 'ay'),
('Azerbaijani', 'az'),
('Bashkir', 'ba'),
('Byelorussian', 'be'),
('Bulgarian', 'bg'),
('Bihari', 'bh'),
('Bislama', 'bi'),
('Bengali/Bangla', 'bn'),
('Tibetan', 'bo'),
('Breton', 'br'),
('Catalan', 'ca'),
('Corsican', 'co'),
('Czech', 'cs'),
('Welsh', 'cy'),
('Danish', 'da'),
('German', 'de'),
('Bhutani', 'dz'),
('Greek', 'el'),
('English', 'en'),
('Esperanto', 'eo'),
('Spanish', 'es'),
('Estonian', 'et'),
('Basque', 'eu'),
('Persian', 'fa'),
('Finnish', 'fi'),
('Fiji', 'fj'),
('Faeroese', 'fo'),
('French', 'fr'),
('Frisian', 'fy'),
('Irish', 'ga'),
('Scots/Gaelic', 'gd'),
('Galician', 'gl'),
('Guarani', 'gn'),
('Gujarati', 'gu'),
('Hausa', 'ha'),
('Hindi', 'hi'),
('Croatian', 'hr'),
('Hungarian', 'hu'),
('Armenian', 'hy'),
('Interlingua', 'ia'),
('Interlingue', 'ie'),
('Inupiak', 'ik'),
('Indonesian', 'in'),
('Icelandic', 'is'),
('Italian', 'it'),
('Hebrew', 'iw'),
('Japanese', 'ja'),
('Yiddish', 'ji'),
('Javanese', 'jw'),
('Georgian', 'ka'),
('Kazakh', 'kk'),
('Greenlandic', 'kl'),
('Cambodian', 'km'),
('Kannada', 'kn'),
('Korean', 'ko'),
('Kashmiri', 'ks'),
('Kurdish', 'ku'),
('Kirghiz', 'ky'),
('Latin', 'la'),
('Lingala', 'ln'),
('Laothian', 'lo'),
('Lithuanian', 'lt'),
('Latvian/Lettish', 'lv'),
('Malagasy', 'mg'),
('Maori', 'mi'),
('Macedonian', 'mk'),
('Malayalam', 'ml'),
('Mongolian', 'mn'),
('Moldavian', 'mo'),
('Marathi', 'mr'),
('Malay', 'ms'),
('Maltese', 'mt'),
('Burmese', 'my'),
('Nauru', 'na'),
('Nepali', 'ne'),
('Dutch', 'nl'),
('Norwegian', 'no'),
('Occitan', 'oc'),
('(Afan)/Oromoor/Oriya', 'om'),
('Punjabi', 'pa'),
('Polish', 'pl'),
('Pashto/Pushto', 'ps'),
('Portuguese', 'pt'),
('Quechua', 'qu'),
('Rhaeto-Romance', 'rm'),
('Kirundi', 'rn'),
('Romanian', 'ro'),
('Russian', 'ru'),
('Kinyarwanda', 'rw'),
('Sanskrit', 'sa'),
('Sindhi', 'sd'),
('Sangro', 'sg'),
('Serbo-Croatian', 'sh'),
('Singhalese', 'si'),
('Slovak', 'sk'),
('Slovenian', 'sl'),
('Samoan', 'sm'),
('Shona', 'sn'),
('Somali', 'so'),
('Albanian', 'sq'),
('Serbian', 'sr'),
('Siswati', 'ss'),
('Sesotho', 'st'),
('Sundanese', 'su'),
('Swedish', 'sv'),
('Swahili', 'sw'),
('Tamil', 'ta'),
('Tegulu', 'te'),
('Tajik', 'tg'),
('Thai', 'th'),
('Tigrinya', 'ti'),
('Turkmen', 'tk'),
('Tagalog', 'tl'),
('Setswana', 'tn'),
('Tonga', 'to'),
('Turkish', 'tr'),
('Tsonga', 'ts'),
('Tatar', 'tt'),
('Twi', 'tw'),
('Ukrainian', 'uk'),
('Urdu', 'ur'),
('Uzbek', 'uz'),
('Vietnamese', 'vi'),
('Volapuk', 'vo'),
('Wolof', 'wo'),
('Xhosa', 'xh'),
('Yoruba', 'yo'),
('Chinese', 'zh'),
('Zulu', 'zu');

-- --------------------------------------------------------

--
-- Tabellenstruktur für Tabelle `lexemes`
--

CREATE TABLE IF NOT EXISTS `lexemes` (
  `id` int(10) NOT NULL AUTO_INCREMENT,
  `language` char(2) NOT NULL,
  `type` varchar(30) DEFAULT NULL,
  `entry` varchar(255) NOT NULL,
  PRIMARY KEY (`id`),
  UNIQUE KEY `unique_lexeme` (`language`,`entry`,`type`),
  KEY `lexeme_language` (`language`)
) ENGINE=InnoDB  DEFAULT CHARSET=latin1 AUTO_INCREMENT=2249 ;

--
-- Daten für Tabelle `lexemes`
--

INSERT INTO `lexemes` (`id`, `language`, `type`, `entry`) VALUES
(833, 'de', 'verb', 'abführen'),
(1714, 'de', 'verb', 'abhalten'),
(1955, 'de', 'adjective/adverb', 'ablaufend'),
(2030, 'de', 'verb', 'ableiten'),
(1867, 'de', 'verb', 'abrechnen'),
(2246, 'de', 'verb', 'abrufen'),
(2080, 'de', 'verb', 'abschließen'),
(543, 'de', 'verb', 'abschneiden'),
(798, 'de', 'verb', 'absitzen'),
(1439, 'de', 'verb', 'absolvieren'),
(314, 'de', 'verb', 'abspeichern'),
(1980, 'de', 'verb', 'abwarten'),
(1672, 'de', 'verb', 'abwägen'),
(392, 'de', 'adjective/adverb', 'allgemein'),
(2012, 'de', 'verb', 'an etw. fehlen'),
(1563, 'de', 'verb', 'an etw. herangehen'),
(1372, 'de', 'adjective/adverb', 'anderweitig'),
(873, 'de', 'verb', 'anfallen'),
(497, 'de', 'verb', 'anfertigen'),
(845, 'de', 'verb', 'anfordern'),
(2241, 'de', 'verb', 'angeben'),
(1239, 'de', 'adjective/adverb', 'angegeben'),
(448, 'de', 'verb', 'angehen'),
(2137, 'de', 'adjective/adverb', 'angemessen'),
(1343, 'de', 'preposition', 'angesichts'),
(501, 'de', 'adjective/adverb', 'angesiedelt'),
(1940, 'de', 'adjective/adverb', 'angestrebt'),
(1347, 'de', 'preposition', 'anhand'),
(744, 'de', 'verb', 'anklagen'),
(566, 'de', 'verb', 'ankündigen'),
(747, 'de', 'verb', 'anlaufen'),
(2021, 'de', 'verb', 'anlegen'),
(1378, 'de', 'verb', 'anmerken'),
(978, 'de', 'adjective/adverb', 'annehmbar'),
(36, 'de', 'verb', 'annehmen'),
(1173, 'de', 'verb', 'anpacken'),
(1598, 'de', 'verb', 'anpassen'),
(868, 'de', 'verb', 'anrichten'),
(1351, 'de', 'adjective/adverb', 'anschaulich'),
(825, 'de', 'verb', 'anschlagen'),
(2065, 'de', 'adjective/adverb', 'anschließend'),
(1273, 'de', 'verb', 'ansetzen'),
(1192, 'de', 'verb', 'ansprechen'),
(1179, 'de', 'verb', 'anstehen'),
(2028, 'de', 'verb', 'anstreben'),
(1841, 'de', 'verb', 'anzeigen'),
(1806, 'de', 'adjective/adverb', 'auf Dauer'),
(169, 'de', 'verb', 'auf die Welt kommen'),
(1993, 'de', 'adjective/adverb', 'auf eine Zeit'),
(769, 'de', 'verb', 'auf etw. ankommen'),
(1602, 'de', 'verb', 'auf etw. ausrichten'),
(1243, 'de', 'verb', 'auf etw. eingehen'),
(305, 'de', 'verb', 'auf etw. vertrauen'),
(453, 'de', 'verb', 'auf etw. zutreffen'),
(194, 'de', 'adjective/adverb', 'auf Raten'),
(54, 'de', 'verb', 'aufbrechen'),
(802, 'de', 'verb', 'auffallen'),
(762, 'de', 'verb', 'aufführen'),
(1711, 'de', 'verb', 'aufgreifen'),
(895, 'de', 'verb', 'aufkommen'),
(112, 'de', 'verb', 'auflegen'),
(577, 'de', 'adjective/adverb', 'aufregend'),
(785, 'de', 'verb', 'aufschlagen'),
(1269, 'de', 'verb', 'aufschnappen'),
(1200, 'de', 'verb', 'aufsteigen'),
(902, 'de', 'verb', 'auftauchen'),
(2037, 'de', 'verb', 'aufteilen'),
(242, 'de', 'verb', 'auftreten'),
(596, 'de', 'adjective/adverb', 'aus dem Stand'),
(2076, 'de', 'verb', 'aus etw. bestehen'),
(1124, 'de', 'verb', 'aus etw. schöpfen'),
(341, 'de', 'verb', 'ausbringen'),
(2002, 'de', 'verb', 'ausbrüten'),
(602, 'de', 'adjective/adverb', 'ausdrücklich'),
(299, 'de', 'verb', 'ausflicken'),
(1247, 'de', 'verb', 'ausführen'),
(173, 'de', 'adjective/adverb', 'ausführlich'),
(2207, 'de', 'adjective/adverb', 'ausgerichtet'),
(1809, 'de', 'adjective/adverb', 'ausgesetzt'),
(2057, 'de', 'verb', 'aushalten'),
(1662, 'de', 'verb', 'ausloten'),
(920, 'de', 'verb', 'auslösen'),
(1859, 'de', 'verb', 'ausmerzen'),
(1729, 'de', 'verb', 'ausreichen'),
(2205, 'de', 'adjective/adverb', 'ausschließlich'),
(343, 'de', 'verb', 'ausschmücken'),
(933, 'de', 'verb', 'aussuchen'),
(260, 'de', 'verb', 'ausüben'),
(1349, 'de', 'adjective/adverb', 'aversiv'),
(1495, 'de', 'verb', 'bankdrücken'),
(2141, 'de', 'adjective/adverb', 'beachtlich'),
(554, 'de', 'verb', 'beanspruchen'),
(1828, 'de', 'verb', 'beauftragen'),
(893, 'de', 'verb', 'bedrängen'),
(2213, 'de', 'adjective/adverb', 'befristet'),
(104, 'de', 'verb', 'begeistern'),
(2236, 'de', 'verb', 'begleichen'),
(1118, 'de', 'adjective/adverb', 'begleitet'),
(2017, 'de', 'verb', 'bei etw. verweilen'),
(1254, 'de', 'verb', 'beinhalten'),
(904, 'de', 'verb', 'belasten'),
(1724, 'de', 'verb', 'belegen'),
(1476, 'de', 'adjective/adverb', 'berechtigt'),
(300, 'de', 'verb', 'bereichern'),
(409, 'de', 'verb', 'bereitstellen'),
(1947, 'de', 'adjective/adverb', 'berichtigt'),
(1241, 'de', 'verb', 'berücksichtigen'),
(984, 'de', 'adjective/adverb', 'beschichtet'),
(129, 'de', 'verb', 'besitzen'),
(793, 'de', 'verb', 'bestreuen'),
(810, 'de', 'verb', 'bestätigen'),
(1978, 'de', 'verb', 'beten'),
(1831, 'de', 'verb', 'betragen'),
(404, 'de', 'verb', 'betreffen'),
(165, 'de', 'verb', 'betrügen'),
(2145, 'de', 'adjective/adverb', 'beträchtlich'),
(2245, 'de', 'verb', 'beweisen'),
(78, 'de', 'verb', 'bewältigen'),
(2061, 'de', 'adjective/adverb', 'bezogen auf'),
(1315, 'de', 'adjective/adverb', 'bezüglich'),
(1020, 'de', 'adjective/adverb', 'bloß'),
(499, 'de', 'adjective/adverb', 'breitgefächert'),
(356, 'de', 'verb', 'brummen'),
(291, 'de', 'verb', 'bügeln'),
(1849, 'de', 'verb', 'darlegen'),
(647, 'de', 'noun', 'das Abwasser'),
(690, 'de', 'noun', 'das Anführungszeichen'),
(1695, 'de', 'noun', 'das Anliegen'),
(22, 'de', 'noun', 'das Anschreiben'),
(1777, 'de', 'noun', 'das Auftreten'),
(1690, 'de', 'noun', 'das Bedürfnis'),
(1772, 'de', 'noun', 'das Bestimmungsstück'),
(1083, 'de', 'noun', 'das Eigentum'),
(407, 'de', 'noun', 'das Eignungsverfahren'),
(2160, 'de', 'noun', 'das Einvernehmen'),
(1467, 'de', 'noun', 'das Entgelt'),
(328, 'de', 'noun', 'das Etikett'),
(1414, 'de', 'noun', 'das Exposee'),
(352, 'de', 'noun', 'das Fachchinesisch'),
(531, 'de', 'noun', 'das Fadenkreuz'),
(1903, 'de', 'noun', 'das Fundament'),
(1653, 'de', 'noun', 'das Gefallen'),
(1149, 'de', 'noun', 'das Gerede'),
(88, 'de', 'noun', 'das Gericht'),
(62, 'de', 'noun', 'das Gerücht'),
(1628, 'de', 'noun', 'das Geräusch'),
(2112, 'de', 'noun', 'das Gewerbe'),
(2186, 'de', 'noun', 'das Kraftwerk'),
(1524, 'de', 'noun', 'das Kreuz'),
(1526, 'de', 'noun', 'das Kreuzheben'),
(1908, 'de', 'noun', 'das Mehr'),
(1876, 'de', 'noun', 'das Mietverhältnis'),
(252, 'de', 'noun', 'das Mitleid'),
(1621, 'de', 'noun', 'das Pensum'),
(2154, 'de', 'noun', 'das Regal'),
(1114, 'de', 'noun', 'das Ritual'),
(1146, 'de', 'noun', 'das Scheitern'),
(2127, 'de', 'noun', 'das Sekretariat'),
(136, 'de', 'noun', 'das Sparschwein'),
(365, 'de', 'noun', 'das Stilmittel'),
(51, 'de', 'noun', 'das Ufer'),
(1631, 'de', 'noun', 'das Umfeld'),
(1399, 'de', 'noun', 'das Unbehagen'),
(323, 'de', 'noun', 'das Unkraut'),
(1506, 'de', 'noun', 'das Unrecht'),
(1899, 'de', 'noun', 'das Verfahren'),
(965, 'de', 'noun', 'das Verhalten'),
(30, 'de', 'noun', 'das Verzeichnis'),
(529, 'de', 'noun', 'das Visier'),
(1504, 'de', 'noun', 'das Volumen'),
(1762, 'de', 'noun', 'das Übergewicht'),
(450, 'de', 'noun', 'das Zeugnis'),
(443, 'de', 'noun', 'das Zusammenwirken'),
(649, 'de', 'noun', 'das Zweigwerk'),
(1800, 'de', 'adjective/adverb', 'demnach'),
(1553, 'de', 'adjective/adverb', 'dennoch'),
(373, 'de', 'noun', 'der Abgang'),
(516, 'de', 'noun', 'der Ablauf'),
(633, 'de', 'noun', 'der Absatz'),
(1984, 'de', 'noun', 'der Abschied'),
(1885, 'de', 'noun', 'der Abschluss'),
(307, 'de', 'noun', 'der Absturz'),
(669, 'de', 'noun', 'der Ahn'),
(640, 'de', 'noun', 'der Angehörige'),
(1085, 'de', 'noun', 'der Angestellte'),
(154, 'de', 'noun', 'der Anlass'),
(1393, 'de', 'noun', 'der Anreiz'),
(1925, 'de', 'noun', 'der Ansprechpartner'),
(1167, 'de', 'noun', 'der Anspruch'),
(536, 'de', 'noun', 'der Attentäter'),
(387, 'de', 'noun', 'der Aufbau'),
(191, 'de', 'noun', 'der Auftakt'),
(273, 'de', 'noun', 'der Auftrag'),
(1873, 'de', 'noun', 'der Auftraggeber'),
(1395, 'de', 'noun', 'der Aufwand'),
(1823, 'de', 'noun', 'der Auslöser'),
(2116, 'de', 'noun', 'der Ausstoß'),
(138, 'de', 'noun', 'der Bankrott'),
(1072, 'de', 'noun', 'der Beamte'),
(214, 'de', 'noun', 'der Beamtenapparat'),
(433, 'de', 'noun', 'der Bedarf'),
(286, 'de', 'noun', 'der Begriff'),
(1063, 'de', 'noun', 'der Beitrag'),
(1074, 'de', 'noun', 'der Beklagte'),
(635, 'de', 'noun', 'der Beleg'),
(2110, 'de', 'noun', 'der Bereich'),
(1753, 'de', 'noun', 'der Beteiligte'),
(425, 'de', 'noun', 'der Betreiber'),
(482, 'de', 'noun', 'der Betrieb'),
(478, 'de', 'noun', 'der Bezug'),
(2130, 'de', 'noun', 'der Dozent'),
(250, 'de', 'noun', 'der Eigenname'),
(1211, 'de', 'noun', 'der Einklang'),
(563, 'de', 'noun', 'der Einsatz'),
(2177, 'de', 'noun', 'der Ertrag'),
(2192, 'de', 'noun', 'der Exportschlage'),
(518, 'de', 'noun', 'der Faden'),
(662, 'de', 'noun', 'der Garant'),
(2165, 'de', 'noun', 'der Gebrauch'),
(629, 'de', 'noun', 'der Gefangene'),
(143, 'de', 'noun', 'der Gegenstand'),
(1080, 'de', 'noun', 'der Geldbeutel'),
(1893, 'de', 'noun', 'der Gerichtsstand'),
(533, 'de', 'noun', 'der Geselle'),
(266, 'de', 'noun', 'der Gleichsetzungsnominativ'),
(270, 'de', 'noun', 'der Gönner'),
(49, 'de', 'noun', 'der Hafen'),
(146, 'de', 'noun', 'der Hai'),
(1185, 'de', 'noun', 'der Haken'),
(277, 'de', 'noun', 'der Hals'),
(1912, 'de', 'noun', 'der Hausrat'),
(2123, 'de', 'noun', 'der Heizkörper'),
(96, 'de', 'noun', 'der Hubschrauber'),
(1707, 'de', 'noun', 'der Härtefall'),
(1501, 'de', 'noun', 'der Irrglaube'),
(367, 'de', 'noun', 'der Kabarettist'),
(1996, 'de', 'noun', 'der Keim'),
(1218, 'de', 'noun', 'der Kern'),
(184, 'de', 'noun', 'der Kragen'),
(1286, 'de', 'noun', 'der Kram'),
(656, 'de', 'noun', 'der Kreis'),
(2183, 'de', 'noun', 'der Kunde'),
(423, 'de', 'noun', 'der Laie'),
(1227, 'de', 'noun', 'der Lauch'),
(1126, 'de', 'noun', 'der Leib'),
(519, 'de', 'noun', 'der Libero'),
(1142, 'de', 'noun', 'der Lohn'),
(1091, 'de', 'noun', 'der Makler'),
(1614, 'de', 'noun', 'der Maurer'),
(2106, 'de', 'noun', 'der Merkzettel'),
(1919, 'de', 'noun', 'der Mietzins'),
(2189, 'de', 'noun', 'der Mittelstand'),
(2133, 'de', 'noun', 'der Mutterleib'),
(1050, 'de', 'noun', 'der Nachweis'),
(622, 'de', 'noun', 'der Nachwuchs'),
(557, 'de', 'noun', 'der Notfall'),
(587, 'de', 'noun', 'der Ohrdruck'),
(1612, 'de', 'noun', 'der Parameter'),
(552, 'de', 'noun', 'der Pate'),
(598, 'de', 'noun', 'der Rauch'),
(538, 'de', 'noun', 'der Reim'),
(1423, 'de', 'noun', 'der Reiz'),
(1283, 'de', 'noun', 'der Ruhm'),
(1100, 'de', 'noun', 'der Rundgang'),
(1330, 'de', 'noun', 'der Rückstand'),
(2105, 'de', 'noun', 'der Sachverhalt'),
(1493, 'de', 'noun', 'der Satz'),
(1923, 'de', 'noun', 'der Schadenersatz'),
(318, 'de', 'noun', 'der Schopf'),
(268, 'de', 'noun', 'der Schreiner'),
(686, 'de', 'noun', 'der Schrägstrich'),
(1645, 'de', 'noun', 'der Schub'),
(1116, 'de', 'noun', 'der Segen'),
(652, 'de', 'noun', 'der Spediteur'),
(1619, 'de', 'noun', 'der Spitzensportler'),
(90, 'de', 'noun', 'der Stift'),
(1070, 'de', 'noun', 'der Taifun'),
(1389, 'de', 'noun', 'der Teufelskreis'),
(1617, 'de', 'noun', 'der Turner'),
(955, 'de', 'noun', 'der Umbruch'),
(2101, 'de', 'noun', 'der Umfang'),
(198, 'de', 'noun', 'der Umgang'),
(1047, 'de', 'noun', 'der Umsatz'),
(1513, 'de', 'noun', 'der Umschwung'),
(1294, 'de', 'noun', 'der Umstand'),
(665, 'de', 'noun', 'der Umzug'),
(196, 'de', 'noun', 'der Veranstalter'),
(1220, 'de', 'noun', 'der Verlauf'),
(359, 'de', 'noun', 'der Verlust'),
(1282, 'de', 'noun', 'der Versager'),
(569, 'de', 'noun', 'der Verschluss'),
(34, 'de', 'noun', 'der Versprecher'),
(1292, 'de', 'verb', 'der Versuchung erliegen'),
(520, 'de', 'noun', 'der Verteiler'),
(2167, 'de', 'noun', 'der Verzug'),
(24, 'de', 'noun', 'der Vorgang'),
(67, 'de', 'noun', 'der Vorstand'),
(1463, 'de', 'noun', 'der Vortrag'),
(467, 'de', 'noun', 'der Vortragsraum'),
(431, 'de', 'noun', 'der Wandel'),
(1182, 'de', 'noun', 'der Widerstand'),
(1770, 'de', 'noun', 'der Winkel'),
(631, 'de', 'noun', 'der Zeitgenosse'),
(203, 'de', 'noun', 'der Zuschauer'),
(1895, 'de', 'noun', 'der Zweck'),
(1078, 'de', 'noun', 'der Zwerg'),
(1927, 'de', 'noun', 'der Zwischenmieter'),
(1547, 'de', 'adjective/adverb', 'derartig'),
(2223, 'de', 'adjective/adverb', 'deswegen'),
(1076, 'de', 'noun', 'die Abfrage'),
(1317, 'de', 'noun', 'die Ablenkung'),
(1880, 'de', 'noun', 'die Abrechnung'),
(1921, 'de', 'noun', 'die Abschlagszahlung'),
(1416, 'de', 'noun', 'die Absicht'),
(1103, 'de', 'noun', 'die Absprache'),
(413, 'de', 'noun', 'die Abteilung'),
(1508, 'de', 'noun', 'die Alarmglocke'),
(18, 'de', 'noun', 'die Anforderung'),
(1917, 'de', 'noun', 'die Anfrage'),
(1625, 'de', 'noun', 'die Angelegenheit'),
(1643, 'de', 'noun', 'die Angewohnheit'),
(1820, 'de', 'noun', 'die Angststörung'),
(459, 'de', 'noun', 'die Ankunft'),
(2168, 'de', 'noun', 'die Anlage'),
(5, 'de', 'noun', 'die Anleitung'),
(1774, 'de', 'noun', 'die Annäherung'),
(1096, 'de', 'noun', 'die Anpassung'),
(171, 'de', 'noun', 'die Anreise'),
(1589, 'de', 'noun', 'die Anspielung'),
(2188, 'de', 'noun', 'die Anweisung'),
(1929, 'de', 'noun', 'die Anziege'),
(616, 'de', 'noun', 'die Aufarbeitung'),
(1430, 'de', 'noun', 'die Auffälligkeit'),
(658, 'de', 'noun', 'die Aufmerksamkeit'),
(1459, 'de', 'noun', 'die Aufnahme'),
(1818, 'de', 'noun', 'die Aufrechterhaltung'),
(2171, 'de', 'noun', 'die Aufspaltung'),
(1889, 'de', 'noun', 'die Ausführung'),
(1419, 'de', 'noun', 'die Ausgangssituation'),
(1059, 'de', 'noun', 'die Ausstattung'),
(1410, 'de', 'noun', 'die Auswirkung'),
(1421, 'de', 'noun', 'die Bagatellisierung'),
(1088, 'de', 'noun', 'die Beantragung'),
(1404, 'de', 'noun', 'die Bedeutsamkeit'),
(1324, 'de', 'noun', 'die Bedingung'),
(1804, 'de', 'noun', 'die Bedürfnisbefriedigung'),
(938, 'de', 'noun', 'die Befindlichkeit'),
(1775, 'de', 'noun', 'die Befriedigung'),
(2169, 'de', 'noun', 'die Beförderung'),
(559, 'de', 'noun', 'die Behandlung'),
(1488, 'de', 'noun', 'die Behauptung'),
(1497, 'de', 'noun', 'die Belastung'),
(1499, 'de', 'noun', 'die Belastungsstärke'),
(150, 'de', 'noun', 'die Beleidigung'),
(2119, 'de', 'noun', 'die Beleuchtung'),
(1299, 'de', 'noun', 'die Belohnung'),
(1145, 'de', 'noun', 'die Bemühung'),
(1641, 'de', 'noun', 'die Bequemlichkeit'),
(1094, 'de', 'noun', 'die Beratungsstelle'),
(1746, 'de', 'noun', 'die Beruhigung'),
(1216, 'de', 'noun', 'die Berührung'),
(625, 'de', 'noun', 'die Besatzung'),
(1699, 'de', 'noun', 'die Bescheidenheit'),
(1057, 'de', 'noun', 'die Besichtigung'),
(1905, 'de', 'noun', 'die Besprechung'),
(1887, 'de', 'noun', 'die Bestimmung'),
(469, 'de', 'noun', 'die Betreuung'),
(2161, 'de', 'noun', 'die Betriebskosten'),
(1759, 'de', 'noun', 'die Bewältigung'),
(2180, 'de', 'noun', 'die Bilanz'),
(1897, 'de', 'noun', 'die Bonität'),
(1222, 'de', 'noun', 'die Brühe'),
(163, 'de', 'noun', 'die Dachwohnung'),
(1743, 'de', 'noun', 'die Durchführung'),
(371, 'de', 'noun', 'die Ehrfurcht'),
(2173, 'de', 'noun', 'die Einlagerung'),
(1045, 'de', 'noun', 'die Einnahmen'),
(465, 'de', 'noun', 'die Einrichtung'),
(2195, 'de', 'noun', 'die Einschätzung'),
(1407, 'de', 'noun', 'die Einspannung'),
(2121, 'de', 'noun', 'die Einsparung'),
(961, 'de', 'noun', 'die Einstellung'),
(2108, 'de', 'noun', 'die Entlastung'),
(2166, 'de', 'noun', 'die Entrichtung'),
(645, 'de', 'noun', 'die Entsorgung'),
(1816, 'de', 'noun', 'die Entstehung'),
(208, 'de', 'noun', 'die Ergreifung'),
(1757, 'de', 'noun', 'die Erhaltung'),
(610, 'de', 'noun', 'die Erkenntnis'),
(1878, 'de', 'noun', 'die Erstattung'),
(429, 'de', 'noun', 'die Erwerbstätigen'),
(1092, 'de', 'noun', 'die Erwerbstätigkeit'),
(330, 'de', 'noun', 'die Etikettierung'),
(28, 'de', 'noun', 'die Fabel'),
(445, 'de', 'noun', 'die Fachkraft'),
(400, 'de', 'noun', 'die Fassung'),
(1043, 'de', 'noun', 'die Festsetzung'),
(2199, 'de', 'noun', 'die Folge'),
(627, 'de', 'noun', 'die Folter'),
(526, 'de', 'noun', 'die Gasse'),
(457, 'de', 'noun', 'die Gebühr'),
(1739, 'de', 'noun', 'die Gelegenheit'),
(427, 'de', 'noun', 'die Gesundheitspflege'),
(65, 'de', 'noun', 'die Gewissheit'),
(167, 'de', 'noun', 'die Glühbirne'),
(385, 'de', 'noun', 'die Grundlage'),
(1267, 'de', 'noun', 'die Handlung'),
(1623, 'de', 'noun', 'die Heiterkeit'),
(1634, 'de', 'noun', 'die Hingabe'),
(1165, 'de', 'noun', 'die Hinwendung'),
(1915, 'de', 'noun', 'die Hoflage'),
(140, 'de', 'noun', 'die Immobilien'),
(210, 'de', 'noun', 'die Initiierung'),
(1543, 'de', 'noun', 'die Intensität'),
(1233, 'de', 'noun', 'die Kaper'),
(667, 'de', 'noun', 'die Kaution'),
(958, 'de', 'noun', 'die Klage'),
(688, 'de', 'noun', 'die Klammer'),
(1639, 'de', 'noun', 'die Komfortzone'),
(1651, 'de', 'noun', 'die Konditionierung'),
(463, 'de', 'noun', 'die Kontaktaufnahme'),
(1138, 'de', 'noun', 'die Kürzung'),
(800, 'de', 'verb', 'die Lautstarke leiser machen'),
(943, 'de', 'noun', 'die Lebendigkeit'),
(510, 'de', 'noun', 'die Lehrveranstaltung'),
(619, 'de', 'noun', 'die Leistung'),
(1252, 'de', 'noun', 'die Leitfrage'),
(1750, 'de', 'noun', 'die Lenkung'),
(524, 'de', 'noun', 'die Marionette'),
(2156, 'de', 'noun', 'die Mitbenutzugn'),
(132, 'de', 'noun', 'die Mütze'),
(1882, 'de', 'noun', 'die Nachberechnung'),
(417, 'de', 'noun', 'die Nachlässigkeit'),
(512, 'de', 'noun', 'die Neigung'),
(612, 'de', 'noun', 'die Niderlage'),
(614, 'de', 'noun', 'die Orgel'),
(1989, 'de', 'noun', 'die Pflicht'),
(1224, 'de', 'noun', 'die Prise'),
(230, 'de', 'noun', 'die Probe'),
(1053, 'de', 'noun', 'die Provision'),
(1648, 'de', 'noun', 'die Quälerei'),
(1105, 'de', 'noun', 'die Rache'),
(480, 'de', 'noun', 'die Raumfahrt'),
(20, 'de', 'noun', 'die Rechnung'),
(320, 'de', 'noun', 'die Redeweise'),
(1486, 'de', 'noun', 'die Regeneration'),
(2175, 'de', 'noun', 'die Rückstellung'),
(398, 'de', 'noun', 'die Satzung'),
(98, 'de', 'noun', 'die Sauftour'),
(119, 'de', 'noun', 'die Scheibe'),
(2152, 'de', 'noun', 'die Schublade'),
(585, 'de', 'noun', 'die Seebrücke'),
(1765, 'de', 'noun', 'die Selbstbelohnung'),
(1748, 'de', 'noun', 'die Selbstberuhigung'),
(1755, 'de', 'noun', 'die Selbststeuerung'),
(2201, 'de', 'noun', 'die Spaltung'),
(1326, 'de', 'noun', 'die Spannung'),
(2203, 'de', 'noun', 'die Spende'),
(2158, 'de', 'noun', 'die Spüle'),
(1098, 'de', 'noun', 'die Staffelung'),
(1229, 'de', 'noun', 'die Stange'),
(1510, 'de', 'noun', 'die Starrheit'),
(1034, 'de', 'noun', 'die Steuer'),
(1391, 'de', 'noun', 'die Steuererklärung'),
(1737, 'de', 'noun', 'die Stoffmenge'),
(419, 'de', 'noun', 'die Strafe'),
(1036, 'de', 'noun', 'die Stufe'),
(148, 'de', 'noun', 'die Sünde'),
(671, 'de', 'noun', 'die Tafel'),
(2129, 'de', 'noun', 'die Tagung'),
(1452, 'de', 'noun', 'die Tat'),
(1636, 'de', 'noun', 'die Trägheit'),
(593, 'de', 'noun', 'die Turbine'),
(1592, 'de', 'noun', 'die Umkleide'),
(2125, 'de', 'noun', 'die Unkenntnis'),
(2067, 'de', 'noun', 'die Unterlagen'),
(188, 'de', 'noun', 'die Uraufführung'),
(573, 'de', 'noun', 'die Ursache'),
(561, 'de', 'noun', 'die Vene'),
(476, 'de', 'noun', 'die Verabeitung'),
(506, 'de', 'noun', 'die Veranstaltung'),
(1398, 'de', 'noun', 'die Verarbeitung'),
(1436, 'de', 'noun', 'die Vereinnahmung'),
(182, 'de', 'noun', 'die Vergnügung'),
(1461, 'de', 'noun', 'die Vergütung'),
(1249, 'de', 'noun', 'die Vermeidung'),
(2115, 'de', 'noun', 'die Verminderung'),
(514, 'de', 'noun', 'die Vermittlung'),
(1054, 'de', 'noun', 'die Vermittlungsprovision'),
(440, 'de', 'noun', 'die Verordnung'),
(1066, 'de', 'noun', 'die Verpflichtung'),
(643, 'de', 'noun', 'die Versorgung'),
(1289, 'de', 'noun', 'die Versuchung'),
(437, 'de', 'noun', 'die Verwaltung'),
(1301, 'de', 'noun', 'die Verzögerung'),
(227, 'de', 'noun', 'die Voraussetzung'),
(472, 'de', 'noun', 'die Vorgehensweise'),
(474, 'de', 'noun', 'die Vorschrift'),
(2184, 'de', 'noun', 'die Vorsorge'),
(1465, 'de', 'noun', 'die Vortragsreihe'),
(1433, 'de', 'noun', 'die Wahrnehmung'),
(941, 'de', 'noun', 'die Weisheit'),
(1884, 'de', 'noun', 'die Weitergabe'),
(1041, 'de', 'noun', 'die Wertschöpfung'),
(1490, 'de', 'noun', 'die Wiederholung'),
(2069, 'de', 'noun', 'die Willensstärke'),
(1321, 'de', 'noun', 'die Wirksamkeit'),
(485, 'de', 'noun', 'die Wirtschaftslehre'),
(1705, 'de', 'noun', 'die Witterung'),
(1061, 'de', 'noun', 'die Wohnanlage'),
(2150, 'de', 'noun', 'die Wohnzwecke'),
(1901, 'de', 'noun', 'die Wurzel'),
(2163, 'de', 'noun', 'die Überlassung'),
(334, 'de', 'noun', 'die Übertragung'),
(332, 'de', 'noun', 'die Überwachung'),
(1319, 'de', 'noun', 'die Zerlegung'),
(1701, 'de', 'noun', 'die Zielstrebigkeit'),
(1065, 'de', 'noun', 'die Zuschauer'),
(1402, 'de', 'noun', 'die Zuspitzung'),
(701, 'de', 'verb', 'donnern'),
(1202, 'de', 'verb', 'durchdringen'),
(1375, 'de', 'verb', 'durchführen'),
(1691, 'de', 'verb', 'durchhalten'),
(1861, 'de', 'verb', 'durchlaufen'),
(579, 'de', 'verb', 'durchmachen'),
(116, 'de', 'verb', 'durchsetzen'),
(1576, 'de', 'verb', 'durchziehen'),
(1520, 'de', 'adjective/adverb', 'ebenso'),
(1789, 'de', 'adjective/adverb', 'eher'),
(822, 'de', 'verb', 'ehren'),
(1570, 'de', 'verb', 'einbeziehen'),
(1560, 'de', 'verb', 'einbläuen'),
(336, 'de', 'verb', 'einbringen'),
(604, 'de', 'adjective/adverb', 'eindeutig'),
(1910, 'de', 'verb', 'eine Nachricht hinterlassen'),
(2087, 'de', 'verb', 'eine Prüfung ablegen'),
(1136, 'de', 'adjective/adverb', 'eine zeitlang'),
(1131, 'de', 'verb', 'einfallen'),
(869, 'de', 'verb', 'einleiten'),
(1826, 'de', 'verb', 'einreichen'),
(2092, 'de', 'verb', 'einräumen'),
(1845, 'de', 'verb', 'einschalten'),
(767, 'de', 'verb', 'einschlagen'),
(1128, 'de', 'verb', 'einschätzen'),
(1480, 'de', 'adjective/adverb', 'einseitig'),
(1722, 'de', 'verb', 'einsetzen'),
(1469, 'de', 'adjective/adverb', 'einverstanden'),
(1549, 'de', 'adjective/adverb', 'einwandfrei'),
(378, 'de', 'verb', 'empfehlen'),
(1938, 'de', 'adjective/adverb', 'entgangen'),
(265, 'de', 'verb', 'enthalten'),
(1366, 'de', 'adjective/adverb', 'entlastet'),
(733, 'de', 'verb', 'entnehmen'),
(1668, 'de', 'verb', 'entsprechen'),
(1932, 'de', 'adjective/adverb', 'entsprechend'),
(1178, 'de', 'verb', 'entstehen'),
(2235, 'de', 'verb', 'erbringen'),
(349, 'de', 'verb', 'erfinden'),
(1869, 'de', 'verb', 'erfolgen'),
(14, 'de', 'verb', 'erfordern'),
(1988, 'de', 'verb', 'erfüllen'),
(1456, 'de', 'verb', 'ergeben'),
(1943, 'de', 'adjective/adverb', 'ergebend'),
(1006, 'de', 'adjective/adverb', 'ergiebig'),
(676, 'de', 'adjective/adverb', 'erhaben'),
(828, 'de', 'verb', 'erheben'),
(2215, 'de', 'adjective/adverb', 'erheblich'),
(1122, 'de', 'verb', 'erholen'),
(707, 'de', 'verb', 'erkennen'),
(127, 'de', 'verb', 'erklären'),
(583, 'de', 'adjective/adverb', 'erlaubt'),
(219, 'de', 'verb', 'erledigen'),
(1338, 'de', 'verb', 'erlernen'),
(1847, 'de', 'verb', 'ermitteln'),
(841, 'de', 'verb', 'errichten'),
(361, 'de', 'adjective/adverb', 'erschöpft'),
(880, 'de', 'verb', 'erteilen'),
(492, 'de', 'verb', 'erwerben'),
(2210, 'de', 'adjective/adverb', 'erwünscht'),
(1583, 'de', 'verb', 'erzielen'),
(2078, 'de', 'verb', 'erörtern'),
(988, 'de', 'adjective/adverb', 'etliche'),
(369, 'de', 'verb', 'etw. als etw. anerkennen'),
(1196, 'de', 'verb', 'etw. aus etw. reißen'),
(1843, 'de', 'verb', 'etw. durch etw. ersetzen'),
(1687, 'de', 'verb', 'etw. in Angriff nehmen'),
(1453, 'de', 'verb', 'etw. in die Tat umsetzen'),
(679, 'de', 'adjective/adverb', 'ewig'),
(2074, 'de', 'adjective/adverb', 'fest'),
(256, 'de', 'verb', 'feststellen'),
(293, 'de', 'verb', 'flicken'),
(411, 'de', 'adjective/adverb', 'folgendermaßen'),
(1161, 'de', 'verb', 'fordern'),
(2059, 'de', 'verb', 'fortführen'),
(887, 'de', 'verb', 'freischalten'),
(848, 'de', 'verb', 'für etw. einstehen'),
(1190, 'de', 'verb', 'fürchten'),
(1334, 'de', 'verb', 'fördern'),
(345, 'de', 'adjective/adverb', 'geeignet'),
(1792, 'de', 'adjective/adverb', 'gegliedert'),
(1798, 'de', 'adjective/adverb', 'gehemmt'),
(705, 'de', 'verb', 'gehorchen'),
(100, 'de', 'adjective/adverb', 'gelaunt'),
(2243, 'de', 'verb', 'Geld zurücklegen'),
(843, 'de', 'verb', 'gelingen'),
(186, 'de', 'adjective/adverb', 'gelockert'),
(1016, 'de', 'adjective/adverb', 'genehmigt'),
(998, 'de', 'adjective/adverb', 'gepflegt'),
(1976, 'de', 'adjective/adverb', 'gerecht'),
(993, 'de', 'adjective/adverb', 'gering'),
(738, 'de', 'verb', 'geschehen'),
(1965, 'de', 'adjective/adverb', 'gesondert'),
(1340, 'de', 'adjective/adverb', 'gespannt'),
(2238, 'de', 'verb', 'gestatten'),
(2015, 'de', 'adjective/adverb', 'getrost'),
(2216, 'de', 'adjective/adverb', 'gewerblich'),
(1019, 'de', 'adjective/adverb', 'gewährt'),
(1949, 'de', 'adjective/adverb', 'glaubhaft'),
(2051, 'de', 'verb', 'gleidern'),
(2047, 'de', 'adjective/adverb', 'griffig'),
(1680, 'de', 'adjective/adverb', 'grob'),
(948, 'de', 'verb', 'grübeln'),
(981, 'de', 'adjective/adverb', 'gründlich'),
(402, 'de', 'adjective/adverb', 'gültig'),
(1354, 'de', 'adjective/adverb', 'günstig'),
(796, 'de', 'verb', 'gähnen'),
(1003, 'de', 'adjective/adverb', 'gängig'),
(1839, 'de', 'verb', 'haften'),
(1451, 'de', 'adjective/adverb', 'halt'),
(804, 'de', 'adjective/adverb', 'hauptsächlich'),
(683, 'de', 'adjective/adverb', 'heiter'),
(930, 'de', 'verb', 'herausfordern'),
(717, 'de', 'verb', 'hervorbringen'),
(2082, 'de', 'verb', 'hevorheben'),
(1945, 'de', 'adjective/adverb', 'hieraus'),
(1952, 'de', 'adjective/adverb', 'hingegen'),
(1595, 'de', 'verb', 'hinterfragen'),
(720, 'de', 'verb', 'holen'),
(912, 'de', 'verb', 'horchen'),
(1214, 'de', 'adjective/adverb', 'im Einklang'),
(1796, 'de', 'adjective/adverb', 'im Folgenden'),
(1545, 'de', 'adjective/adverb', 'im Großen und Ganzen'),
(152, 'de', 'adjective/adverb', 'im Namen von'),
(383, 'de', 'adjective/adverb', 'im Wesentlichen'),
(1971, 'de', 'adjective/adverb', 'in bar'),
(1107, 'de', 'verb', 'in Beschlag nehmen'),
(1660, 'de', 'verb', 'infizieren'),
(1968, 'de', 'adjective/adverb', 'jedoch'),
(396, 'de', 'adjective/adverb', 'jeweils'),
(877, 'de', 'verb', 'jmdm. anfallen'),
(890, 'de', 'verb', 'jmdm. begleiten'),
(69, 'de', 'verb', 'jmdm. etw. mitteilen'),
(1176, 'de', 'verb', 'jmdm. etw. zumuten'),
(73, 'de', 'verb', 'jmdm. für etw. loben'),
(1276, 'de', 'verb', 'jmdm. von etw. ablenken'),
(110, 'de', 'adjective/adverb', 'jmdm. zu Ehren'),
(42, 'de', 'verb', 'jmdm. zum Schweigen bringen'),
(1171, 'de', 'verb', 'jmdn an etw. hindern'),
(2035, 'de', 'verb', 'jmdn zu etw. anhalten'),
(724, 'de', 'verb', 'jmdn. anekeln'),
(102, 'de', 'verb', 'jubeln'),
(547, 'de', 'adjective/adverb', 'klaffend'),
(740, 'de', 'verb', 'klagen'),
(1032, 'de', 'adjective/adverb', 'knapp'),
(697, 'de', 'verb', 'knurren'),
(703, 'de', 'verb', 'krachen'),
(461, 'de', 'noun', 'kurze Wege'),
(326, 'de', 'adjective/adverb', 'legendär'),
(726, 'de', 'verb', 'leisten'),
(223, 'de', 'verb', 'liefern'),
(1303, 'de', 'adjective/adverb', 'locker'),
(60, 'de', 'verb', 'losgehen'),
(946, 'de', 'verb', 'loslassen'),
(177, 'de', 'verb', 'lösen'),
(1992, 'de', 'verb', 'messen'),
(711, 'de', 'verb', 'mit jmdm. tändeln'),
(755, 'de', 'verb', 'mit jmdm. verkehren'),
(85, 'de', 'verb', 'monieren'),
(2000, 'de', 'adjective/adverb', 'nachdenklich'),
(1383, 'de', 'verb', 'nachgehen'),
(1540, 'de', 'adjective/adverb', 'nachhaltig'),
(986, 'de', 'adjective/adverb', 'nachmalig'),
(1027, 'de', 'adjective/adverb', 'netto'),
(2032, 'de', 'verb', 'niederlagen'),
(1001, 'de', 'adjective/adverb', 'ordentlich'),
(1024, 'de', 'adjective/adverb', 'pauschal'),
(247, 'de', 'adjective/adverb', 'pflegeleicht'),
(2004, 'de', 'verb', 'pflegen'),
(1578, 'de', 'verb', 'plagen'),
(699, 'de', 'verb', 'poltern'),
(2135, 'de', 'adjective/adverb', 'präzis'),
(455, 'de', 'adjective/adverb', 'ratsam'),
(1600, 'de', 'verb', 'regenerieren'),
(974, 'de', 'adjective/adverb', 'reibungslos'),
(673, 'de', 'noun', 'Reihe'),
(607, 'de', 'verb', 'reißen'),
(1565, 'de', 'verb', 'rudern'),
(813, 'de', 'verb', 'rütteln'),
(2010, 'de', 'verb', 'räumen'),
(758, 'de', 'verb', 'schachten'),
(310, 'de', 'verb', 'scheitern'),
(856, 'de', 'verb', 'schieben'),
(1265, 'de', 'verb', 'schillern'),
(238, 'de', 'adjective/adverb', 'schlagartig'),
(1362, 'de', 'adjective/adverb', 'schleichend'),
(695, 'de', 'verb', 'schnarren'),
(693, 'de', 'verb', 'schnauben'),
(122, 'de', 'adjective/adverb', 'schnurstracks'),
(1574, 'de', 'verb', 'schrillen'),
(1483, 'de', 'verb', 'schulden'),
(134, 'de', 'verb', 'Schwein haben'),
(108, 'de', 'verb', 'schütteln'),
(950, 'de', 'verb', 'segnen'),
(550, 'de', 'adjective/adverb', 'seiden'),
(2090, 'de', 'verb', 'senken'),
(283, 'de', 'verb', 'sich als etw. entpuppen'),
(1727, 'de', 'verb', 'sich als etw. erweisen'),
(390, 'de', 'verb', 'sich als etw. gestalten'),
(808, 'de', 'verb', 'sich an einem Ort befinden'),
(751, 'de', 'verb', 'sich an etw. beteiligen'),
(375, 'de', 'verb', 'sich an etw. richten'),
(1871, 'de', 'verb', 'sich anschließen'),
(1157, 'de', 'verb', 'sich anstrengen'),
(820, 'de', 'verb', 'sich auf etw. begeben'),
(236, 'de', 'verb', 'sich auf etw. verlassen'),
(1235, 'de', 'verb', 'sich auf etw. vorbereiten'),
(2049, 'de', 'verb', 'sich aus etw. ergeben'),
(1278, 'de', 'verb', 'sich befinden'),
(589, 'de', 'verb', 'sich bei etw. ertappen'),
(1188, 'de', 'verb', 'sich blamieren'),
(114, 'de', 'verb', 'sich durchsetzen'),
(1666, 'de', 'verb', 'sich einstellen'),
(487, 'de', 'verb', 'sich erstrecken'),
(777, 'de', 'verb', 'sich etw. einfallen lassen'),
(927, 'de', 'verb', 'sich etw. eingestehen'),
(2007, 'de', 'verb', 'sich etw. fügen'),
(540, 'de', 'verb', 'sich etw. gönnen'),
(1271, 'de', 'verb', 'sich etw. vornehmen'),
(731, 'de', 'verb', 'sich etw. widmen'),
(1709, 'de', 'verb', 'sich etw. zuwenden'),
(106, 'de', 'verb', 'sich für etw. begeistern'),
(2085, 'de', 'verb', 'sich herausstellen'),
(1657, 'de', 'verb', 'sich hingeben'),
(1998, 'de', 'verb', 'sich hüten'),
(339, 'de', 'verb', 'sich in etw. einbringen'),
(900, 'de', 'verb', 'sich in jmdm. einfühlen'),
(1280, 'de', 'verb', 'sich irgendwo befinden'),
(952, 'de', 'verb', 'sich jmdm. anvertrauen'),
(1155, 'de', 'verb', 'sich jmdm. zuwenden'),
(1853, 'de', 'verb', 'sich mit etw. auseinandersetzen'),
(713, 'de', 'verb', 'sich mit etw. befassen'),
(1237, 'de', 'verb', 'sich nach etw. erkundigen'),
(806, 'de', 'verb', 'sich um etw. drehen'),
(160, 'de', 'verb', 'sich um etw. kümmern'),
(1837, 'de', 'verb', 'sich verpflichten'),
(2019, 'de', 'verb', 'sich verzetteln'),
(1586, 'de', 'verb', 'sich von etw. abwenden'),
(1120, 'de', 'verb', 'sich von etw. erholen'),
(1, 'de', 'verb', 'sich von jmdm. verabschieden'),
(490, 'de', 'verb', 'sich über etw. erstrecken'),
(1973, 'de', 'preposition', 'sofern'),
(1517, 'de', 'adjective/adverb', 'sogar'),
(970, 'de', 'adjective/adverb', 'sorgfältig'),
(1812, 'de', 'preposition', 'sowie'),
(92, 'de', 'verb', 'sperren'),
(595, 'de', 'adjective/adverb', 'spontan'),
(1345, 'de', 'preposition', 'sprich'),
(915, 'de', 'verb', 'spüren'),
(996, 'de', 'adjective/adverb', 'steil'),
(75, 'de', 'adjective/adverb', 'stellvertretend'),
(816, 'de', 'verb', 'stocken'),
(837, 'de', 'verb', 'stoßen'),
(2043, 'de', 'adjective/adverb', 'tatsächlich'),
(835, 'de', 'verb', 'tauchen'),
(780, 'de', 'verb', 'traben'),
(354, 'de', 'verb', 'täuschen'),
(1109, 'de', 'verb', 'um etw. kreisen'),
(263, 'de', 'verb', 'umfassen'),
(216, 'de', 'adjective/adverb', 'umfassend'),
(1206, 'de', 'verb', 'umgeben'),
(1964, 'de', 'adjective/adverb', 'umgehend'),
(2072, 'de', 'adjective/adverb', 'umrissen'),
(1442, 'de', 'verb', 'umsetzen'),
(2221, 'de', 'adjective/adverb', 'umstritten'),
(2071, 'de', 'verb', 'umwandeln'),
(1449, 'de', 'adjective/adverb', 'umwerfend'),
(1260, 'de', 'adjective/adverb', 'unangenehm'),
(1532, 'de', 'adjective/adverb', 'unantastbar'),
(280, 'de', 'adjective/adverb', 'unausführbar'),
(2228, 'de', 'adjective/adverb', 'unberührt'),
(212, 'de', 'adjective/adverb', 'undicht'),
(991, 'de', 'adjective/adverb', 'ungeheur'),
(279, 'de', 'adjective/adverb', 'unmöglich'),
(591, 'de', 'adjective/adverb', 'unordentlich'),
(1556, 'de', 'adjective/adverb', 'unter der Woche'),
(736, 'de', 'verb', 'unterlassen'),
(1311, 'de', 'verb', 'unterliegen'),
(1834, 'de', 'verb', 'unterrichten'),
(1934, 'de', 'adjective/adverb', 'unverzüglich'),
(1962, 'de', 'adjective/adverb', 'vage'),
(2084, 'de', 'verb', 'veranschlagen'),
(1068, 'de', 'adjective/adverb', 'verbesserungswürdig'),
(45, 'de', 'verb', 'verdrängen'),
(1967, 'de', 'adjective/adverb', 'vereinbart'),
(10, 'de', 'verb', 'verfassen'),
(2231, 'de', 'verb', 'vergleichen'),
(421, 'de', 'verb', 'verhängen'),
(782, 'de', 'verb', 'verknüpfen'),
(1982, 'de', 'verb', 'verkürzen'),
(415, 'de', 'verb', 'verlangen'),
(234, 'de', 'verb', 'verlassen'),
(1567, 'de', 'verb', 'verlängern'),
(2148, 'de', 'adjective/adverb', 'vermeidbar'),
(884, 'de', 'verb', 'vermeiden'),
(1515, 'de', 'adjective/adverb', 'vermeintlich'),
(1667, 'de', 'verb', 'vermieden'),
(2096, 'de', 'verb', 'vermindern'),
(1655, 'de', 'verb', 'vermuten'),
(1369, 'de', 'adjective/adverb', 'vermutlich'),
(158, 'de', 'adjective/adverb', 'vermählt'),
(851, 'de', 'verb', 'vermögen'),
(789, 'de', 'verb', 'verquirlen'),
(831, 'de', 'verb', 'verrechnen'),
(1607, 'de', 'adjective/adverb', 'verringert'),
(600, 'de', 'verb', 'versagen'),
(855, 'de', 'verb', 'verschieben'),
(863, 'de', 'verb', 'verschlingen'),
(1381, 'de', 'verb', 'verschwimmen'),
(1936, 'de', 'adjective/adverb', 'vertraulich'),
(1959, 'de', 'adjective/adverb', 'vertraut'),
(2139, 'de', 'adjective/adverb', 'vertreten'),
(1718, 'de', 'verb', 'vertreten'),
(976, 'de', 'adjective/adverb', 'verwaltungstechnisch'),
(1208, 'de', 'verb', 'verwandeln'),
(1854, 'de', 'verb', 'verwenden'),
(2026, 'de', 'verb', 'verwirklichen'),
(1836, 'de', 'verb', 'verzögen'),
(1030, 'de', 'adjective/adverb', 'vielerlei'),
(1536, 'de', 'adjective/adverb', 'vollkommen'),
(1457, 'de', 'verb', 'von etw. abhalten'),
(302, 'de', 'verb', 'voraussagen'),
(1472, 'de', 'verb', 'vorbehalten'),
(1474, 'de', 'preposition', 'vorbehaltlich'),
(935, 'de', 'verb', 'vordringen'),
(2040, 'de', 'adjective/adverb', 'vorgegeben'),
(1580, 'de', 'verb', 'vorgehen'),
(1675, 'de', 'verb', 'vorhaben'),
(1307, 'de', 'adjective/adverb', 'vorhanden'),
(1731, 'de', 'verb', 'vorliegen'),
(1013, 'de', 'adjective/adverb', 'vorläufig'),
(1438, 'de', 'verb', 'vornehmen'),
(2225, 'de', 'adjective/adverb', 'vorstellbar'),
(1931, 'de', 'adjective/adverb', 'vorübergehend'),
(1009, 'de', 'adjective/adverb', 'völlig'),
(908, 'de', 'verb', 'wagen'),
(2098, 'de', 'verb', 'wahrnehmen'),
(1679, 'de', 'verb', 'wenden'),
(380, 'de', 'adjective/adverb', 'wesentlich'),
(1794, 'de', 'adjective/adverb', 'willentlich'),
(1803, 'de', 'adjective/adverb', 'wirksam'),
(774, 'de', 'verb', 'wuseln'),
(41, 'de', 'verb', 'über eine Fertigkeit verfügen'),
(39, 'de', 'verb', 'über eine Fähigkeit verfügen'),
(1538, 'de', 'adjective/adverb', 'überholt'),
(1530, 'de', 'adjective/adverb', 'überlastet'),
(1151, 'de', 'verb', 'überlegen'),
(753, 'de', 'verb', 'übernehmen'),
(2063, 'de', 'adjective/adverb', 'überschaubar'),
(2233, 'de', 'verb', 'überweisen'),
(1023, 'de', 'adjective/adverb', 'üblich'),
(503, 'de', 'adjective/adverb', 'üblicherweise'),
(1258, 'de', 'adjective/adverb', 'zeitgerecht'),
(1684, 'de', 'adjective/adverb', 'zeitlich'),
(1133, 'de', 'verb', 'zerbrechen'),
(791, 'de', 'verb', 'zerlassen'),
(771, 'de', 'verb', 'zerlegen'),
(608, 'de', 'verb', 'zerreißen'),
(82, 'de', 'verb', 'zerschlagen'),
(968, 'de', 'adjective/adverb', 'zimperlich'),
(156, 'de', 'adjective/adverb', 'zu besonderen Anlässen'),
(2054, 'de', 'verb', 'zu etw. beitragen'),
(1163, 'de', 'verb', 'zu etw. für etw. beten'),
(1274, 'de', 'verb', 'zu etw. neigen'),
(605, 'de', 'verb', 'zu etw. überwechseln'),
(1610, 'de', 'verb', 'zu etw. zählen'),
(124, 'de', 'verb', 'zu Gesicht bekommen'),
(1856, 'de', 'verb', 'zu Leibe rücken'),
(1427, 'de', 'adjective/adverb', 'zugänglich'),
(1198, 'de', 'verb', 'zuhören'),
(1863, 'de', 'verb', 'zumuten'),
(1528, 'de', 'adjective/adverb', 'zunehmend'),
(206, 'de', 'verb', 'zurückliegen'),
(1734, 'de', 'verb', 'zusammenfassen'),
(297, 'de', 'verb', 'zusammenflicken'),
(795, 'de', 'verb', 'zusammenklappen'),
(2023, 'de', 'verb', 'zusammentragen'),
(2094, 'de', 'verb', 'zustellen'),
(494, 'de', 'verb', 'zuteilen'),
(1444, 'de', 'adjective/adverb', 'zuverlässig'),
(1664, 'de', 'adjective/adverb', 'zuweilen'),
(1957, 'de', 'adjective/adverb', 'zwingend'),
(925, 'de', 'verb', 'zögern'),
(1358, 'de', 'adjective/adverb', 'öde'),
(1431, 'en', 'noun', 'abnormality'),
(239, 'en', 'adjective/adverb', 'abrupt'),
(979, 'en', 'adjective/adverb', 'acceptable'),
(1428, 'en', 'adjective/adverb', 'accessible'),
(1119, 'en', 'adjective/adverb', 'accompanying'),
(1212, 'en', 'noun', 'accord'),
(1802, 'en', 'adjective/adverb', 'according to this'),
(973, 'en', 'adjective/adverb', 'accurate'),
(1890, 'en', 'noun', 'achievement'),
(479, 'en', 'noun', 'acquisition'),
(442, 'en', 'noun', 'act'),
(1268, 'en', 'noun', 'action'),
(509, 'en', 'noun', 'activity'),
(2044, 'en', 'adjective/adverb', 'actual'),
(1518, 'en', 'adjective/adverb', 'actually'),
(1042, 'en', 'noun', 'added value'),
(1097, 'en', 'noun', 'adjustment'),
(438, 'en', 'noun', 'administration'),
(977, 'en', 'adjective/adverb', 'administrative'),
(980, 'en', 'adjective/adverb', 'admissible'),
(1357, 'en', 'adjective/adverb', 'advantageous'),
(456, 'en', 'adjective/adverb', 'advisable'),
(1627, 'en', 'noun', 'affair'),
(642, 'en', 'noun', 'affiliate'),
(1029, 'en', 'adjective/adverb', 'after tax'),
(576, 'en', 'noun', 'agent'),
(945, 'en', 'noun', 'agility'),
(1470, 'en', 'adjective/adverb', 'agreed'),
(1044, 'en', 'noun', 'agreement'),
(1417, 'en', 'noun', 'aim'),
(1011, 'en', 'adjective/adverb', 'all'),
(1516, 'en', 'adjective/adverb', 'alleged'),
(528, 'en', 'noun', 'alley'),
(584, 'en', 'adjective/adverb', 'allowed'),
(1425, 'en', 'noun', 'allure'),
(1590, 'en', 'noun', 'allusion'),
(1948, 'en', 'adjective/adverb', 'amended'),
(1320, 'en', 'noun', 'analysis'),
(670, 'en', 'noun', 'ancestor'),
(1822, 'en', 'noun', 'anxiety attack'),
(1821, 'en', 'noun', 'anxiety disorder'),
(1426, 'en', 'noun', 'appeal'),
(1778, 'en', 'noun', 'appearance'),
(1089, 'en', 'noun', 'application'),
(2146, 'en', 'adjective/adverb', 'appreciable'),
(464, 'en', 'noun', 'approach'),
(1429, 'en', 'adjective/adverb', 'approachable'),
(347, 'en', 'adjective/adverb', 'appropriate'),
(1017, 'en', 'adjective/adverb', 'approved'),
(2111, 'en', 'noun', 'area'),
(1104, 'en', 'noun', 'arrangement'),
(460, 'en', 'noun', 'arrival'),
(26, 'en', 'noun', 'art'),
(2198, 'en', 'noun', 'article'),
(412, 'en', 'adjective/adverb', 'as follows'),
(1523, 'en', 'adjective/adverb', 'as well'),
(1813, 'en', 'preposition', 'as well as'),
(537, 'en', 'noun', 'assassin'),
(1489, 'en', 'noun', 'assertion'),
(2196, 'en', 'noun', 'assessment'),
(276, 'en', 'noun', 'assignment'),
(471, 'en', 'noun', 'assistance'),
(77, 'en', 'adjective/adverb', 'assistant'),
(534, 'en', 'noun', 'assistant'),
(201, 'en', 'noun', 'association'),
(228, 'en', 'noun', 'assumption'),
(1994, 'en', 'adjective/adverb', 'at some point'),
(659, 'en', 'noun', 'attention'),
(1742, 'en', 'noun', 'attentiveness'),
(962, 'en', 'noun', 'attitude'),
(1424, 'en', 'noun', 'attraction'),
(204, 'en', 'noun', 'audience'),
(1478, 'en', 'adjective/adverb', 'authorised'),
(1308, 'en', 'adjective/adverb', 'available'),
(1350, 'en', 'adjective/adverb', 'aversive'),
(2149, 'en', 'adjective/adverb', 'avoidable'),
(1250, 'en', 'noun', 'avoidance'),
(611, 'en', 'noun', 'awareness'),
(372, 'en', 'noun', 'awe'),
(1261, 'en', 'adjective/adverb', 'awkward'),
(2181, 'en', 'noun', 'balance'),
(1367, 'en', 'adjective/adverb', 'balanced'),
(53, 'en', 'noun', 'bank'),
(139, 'en', 'noun', 'bankruptcy'),
(672, 'en', 'noun', 'bar'),
(1904, 'en', 'noun', 'base'),
(2062, 'en', 'adjective/adverb', 'based upon'),
(386, 'en', 'noun', 'basis'),
(966, 'en', 'noun', 'behaviour'),
(1951, 'en', 'adjective/adverb', 'believable'),
(1797, 'en', 'adjective/adverb', 'below'),
(271, 'en', 'noun', 'benefactor'),
(21, 'en', 'noun', 'bill'),
(1361, 'en', 'adjective/adverb', 'bleak'),
(1117, 'en', 'noun', 'blessing'),
(1127, 'en', 'noun', 'body'),
(668, 'en', 'noun', 'bond'),
(1359, 'en', 'adjective/adverb', 'boring'),
(689, 'en', 'noun', 'bracket'),
(650, 'en', 'noun', 'branch'),
(1616, 'en', 'noun', 'brick layer'),
(2182, 'en', 'noun', 'budget'),
(215, 'en', 'noun', 'bureaucracy'),
(483, 'en', 'noun', 'business'),
(1970, 'en', 'adjective/adverb', 'but'),
(1874, 'en', 'noun', 'buyer'),
(1815, 'en', 'preposition', 'by means of'),
(368, 'en', 'noun', 'cabaret artist'),
(133, 'en', 'noun', 'cap'),
(1234, 'en', 'noun', 'caper'),
(1704, 'en', 'noun', 'care'),
(971, 'en', 'adjective/adverb', 'careful'),
(269, 'en', 'noun', 'carpenter'),
(655, 'en', 'noun', 'carrier'),
(1891, 'en', 'noun', 'carrying out'),
(1296, 'en', 'noun', 'case'),
(1708, 'en', 'noun', 'case of hardship'),
(1304, 'en', 'adjective/adverb', 'casual'),
(1825, 'en', 'noun', 'catalyst'),
(574, 'en', 'noun', 'cause'),
(1253, 'en', 'noun', 'central question'),
(1447, 'en', 'adjective/adverb', 'certain'),
(66, 'en', 'noun', 'certainty'),
(451, 'en', 'noun', 'certificate'),
(232, 'en', 'noun', 'challenge'),
(1741, 'en', 'noun', 'chance'),
(432, 'en', 'noun', 'change'),
(1593, 'en', 'noun', 'changing room'),
(255, 'en', 'noun', 'charity'),
(1187, 'en', 'noun', 'check mark'),
(684, 'en', 'adjective/adverb', 'cheerful'),
(1624, 'en', 'noun', 'cheeriness'),
(1150, 'en', 'noun', 'chitchat'),
(1685, 'en', 'adjective/adverb', 'chronological'),
(657, 'en', 'noun', 'circle'),
(1102, 'en', 'noun', 'circuit'),
(1295, 'en', 'noun', 'circumstance'),
(1168, 'en', 'noun', 'claim'),
(1352, 'en', 'adjective/adverb', 'clear'),
(982, 'en', 'adjective/adverb', 'close'),
(1886, 'en', 'noun', 'close'),
(570, 'en', 'noun', 'closure'),
(1434, 'en', 'noun', 'cognition'),
(1148, 'en', 'noun', 'collapse'),
(185, 'en', 'noun', 'collar'),
(1353, 'en', 'adjective/adverb', 'colourful'),
(1642, 'en', 'noun', 'comfort'),
(1640, 'en', 'noun', 'comfort zone'),
(2217, 'en', 'adjective/adverb', 'commercial'),
(1056, 'en', 'noun', 'commission'),
(565, 'en', 'noun', 'commitment'),
(394, 'en', 'adjective/adverb', 'common'),
(1462, 'en', 'noun', 'compensation'),
(959, 'en', 'noun', 'complaint'),
(1010, 'en', 'adjective/adverb', 'complete'),
(1761, 'en', 'noun', 'completion'),
(217, 'en', 'adjective/adverb', 'comprehensive'),
(1958, 'en', 'adjective/adverb', 'compulsory'),
(2226, 'en', 'adjective/adverb', 'conceivable'),
(660, 'en', 'noun', 'concentration'),
(289, 'en', 'noun', 'concept'),
(1698, 'en', 'noun', 'concern'),
(1787, 'en', 'adjective/adverb', 'concerning'),
(229, 'en', 'noun', 'condition'),
(1652, 'en', 'noun', 'conditioning'),
(967, 'en', 'noun', 'conduct'),
(1907, 'en', 'noun', 'conference'),
(2016, 'en', 'adjective/adverb', 'confidently'),
(1412, 'en', 'noun', 'consequence'),
(2142, 'en', 'adjective/adverb', 'considerable'),
(1432, 'en', 'noun', 'consipicuousness'),
(1215, 'en', 'adjective/adverb', 'consistent with'),
(1325, 'en', 'noun', 'constraint'),
(199, 'en', 'noun', 'contact'),
(1926, 'en', 'noun', 'contact person'),
(632, 'en', 'noun', 'contemporary'),
(1914, 'en', 'noun', 'contents'),
(2103, 'en', 'noun', 'contribution'),
(1751, 'en', 'noun', 'control'),
(2222, 'en', 'adjective/adverb', 'controversial'),
(1355, 'en', 'adjective/adverb', 'convenient'),
(1961, 'en', 'adjective/adverb', 'conversant'),
(678, 'en', 'adjective/adverb', 'convex'),
(1223, 'en', 'noun', 'cooking stock'),
(444, 'en', 'noun', 'cooperation'),
(1219, 'en', 'noun', 'core'),
(1771, 'en', 'noun', 'corner'),
(1550, 'en', 'adjective/adverb', 'correct'),
(23, 'en', 'noun', 'correspondence'),
(1396, 'en', 'noun', 'cost'),
(1682, 'en', 'adjective/adverb', 'course'),
(511, 'en', 'noun', 'course'),
(89, 'en', 'noun', 'court'),
(308, 'en', 'noun', 'crash'),
(1898, 'en', 'noun', 'credit-worthiness'),
(1363, 'en', 'adjective/adverb', 'creeping'),
(626, 'en', 'noun', 'crew'),
(532, 'en', 'noun', 'crosshairs'),
(1683, 'en', 'adjective/adverb', 'crude'),
(1649, 'en', 'noun', 'cruelty'),
(1075, 'en', 'noun', 'culprit'),
(1341, 'en', 'adjective/adverb', 'curious'),
(1004, 'en', 'adjective/adverb', 'current'),
(1875, 'en', 'noun', 'customer'),
(1139, 'en', 'noun', 'cut'),
(1141, 'en', 'noun', 'cutback'),
(1924, 'en', 'noun', 'damages'),
(1226, 'en', 'noun', 'dash'),
(1527, 'en', 'noun', 'deadlift'),
(1635, 'en', 'noun', 'dedication'),
(1881, 'en', 'noun', 'deduction'),
(613, 'en', 'noun', 'defeat'),
(1331, 'en', 'noun', 'deficit'),
(288, 'en', 'noun', 'definition'),
(1039, 'en', 'noun', 'degree'),
(1302, 'en', 'noun', 'delay'),
(1795, 'en', 'adjective/adverb', 'deliberately'),
(1169, 'en', 'noun', 'demand'),
(414, 'en', 'noun', 'department'),
(1446, 'en', 'adjective/adverb', 'dependable'),
(76, 'en', 'adjective/adverb', 'deputy'),
(2211, 'en', 'adjective/adverb', 'desirable'),
(2193, 'en', 'noun', 'desirable export'),
(174, 'en', 'adjective/adverb', 'detailed'),
(1817, 'en', 'noun', 'development'),
(462, 'en', 'noun', 'direct communication'),
(9, 'en', 'noun', 'direction'),
(121, 'en', 'noun', 'disc'),
(1400, 'en', 'noun', 'discomfort'),
(1262, 'en', 'adjective/adverb', 'displeasing'),
(1318, 'en', 'noun', 'distraction'),
(523, 'en', 'noun', 'distributor'),
(2202, 'en', 'noun', 'division'),
(638, 'en', 'noun', 'document'),
(2068, 'en', 'noun', 'documents'),
(2204, 'en', 'noun', 'donation'),
(1922, 'en', 'noun', 'down payment'),
(2153, 'en', 'noun', 'drawer'),
(1360, 'en', 'adjective/adverb', 'dull'),
(1558, 'en', 'adjective/adverb', 'during the week'),
(1990, 'en', 'noun', 'duty'),
(1079, 'en', 'noun', 'dwarf'),
(1046, 'en', 'noun', 'earnings'),
(1608, 'en', 'adjective/adverb', 'eased'),
(1306, 'en', 'adjective/adverb', 'easy'),
(248, 'en', 'adjective/adverb', 'easy to clean'),
(486, 'en', 'noun', 'economics'),
(1411, 'en', 'noun', 'effect'),
(1541, 'en', 'adjective/adverb', 'effective'),
(1322, 'en', 'noun', 'effectiveness'),
(983, 'en', 'adjective/adverb', 'efficient'),
(621, 'en', 'noun', 'effort'),
(175, 'en', 'adjective/adverb', 'elaborate'),
(1987, 'en', 'adjective/adverb', 'elaborately'),
(1956, 'en', 'adjective/adverb', 'elapsing'),
(408, 'en', 'noun', 'eligibility test'),
(558, 'en', 'noun', 'emergency'),
(1086, 'en', 'noun', 'employee'),
(1093, 'en', 'noun', 'employment'),
(992, 'en', 'adjective/adverb', 'enormous'),
(1012, 'en', 'adjective/adverb', 'entirely'),
(1477, 'en', 'adjective/adverb', 'entitled'),
(1170, 'en', 'noun', 'entitlement'),
(1632, 'en', 'noun', 'environment'),
(2200, 'en', 'noun', 'episode'),
(1933, 'en', 'adjective/adverb', 'equal'),
(1403, 'en', 'noun', 'escalation'),
(381, 'en', 'adjective/adverb', 'essential'),
(384, 'en', 'adjective/adverb', 'essentially'),
(1005, 'en', 'adjective/adverb', 'established'),
(1769, 'en', 'noun', 'establishment'),
(1084, 'en', 'noun', 'estate'),
(2197, 'en', 'noun', 'evaluation'),
(1519, 'en', 'adjective/adverb', 'even'),
(507, 'en', 'noun', 'event'),
(681, 'en', 'adjective/adverb', 'everlasting'),
(1051, 'en', 'noun', 'evidence'),
(1909, 'en', 'noun', 'excess'),
(1763, 'en', 'noun', 'excess weight'),
(578, 'en', 'adjective/adverb', 'exciting'),
(2206, 'en', 'adjective/adverb', 'exclusive'),
(1744, 'en', 'noun', 'execution'),
(362, 'en', 'adjective/adverb', 'exhausted'),
(1310, 'en', 'adjective/adverb', 'existing'),
(1397, 'en', 'noun', 'expenditure'),
(603, 'en', 'adjective/adverb', 'explicit'),
(1810, 'en', 'adjective/adverb', 'exposed'),
(200, 'en', 'noun', 'exposure'),
(218, 'en', 'adjective/adverb', 'extensive'),
(29, 'en', 'noun', 'fable'),
(466, 'en', 'noun', 'facility'),
(1297, 'en', 'noun', 'fact'),
(1147, 'en', 'noun', 'failure'),
(1977, 'en', 'adjective/adverb', 'fair'),
(309, 'en', 'noun', 'fall'),
(1285, 'en', 'noun', 'fame'),
(1960, 'en', 'adjective/adverb', 'familiar'),
(1985, 'en', 'noun', 'farewell'),
(1551, 'en', 'adjective/adverb', 'faultless'),
(458, 'en', 'noun', 'fee'),
(1008, 'en', 'adjective/adverb', 'fertile'),
(1055, 'en', 'noun', 'finder''s fee'),
(1064, 'en', 'noun', 'fine'),
(374, 'en', 'noun', 'finish'),
(484, 'en', 'noun', 'firm'),
(1790, 'en', 'adjective/adverb', 'first'),
(189, 'en', 'noun', 'first release'),
(1356, 'en', 'adjective/adverb', 'fit'),
(1408, 'en', 'noun', 'fixation'),
(1025, 'en', 'adjective/adverb', 'flat'),
(1552, 'en', 'adjective/adverb', 'flawless'),
(1137, 'en', 'adjective/adverb', 'for a while'),
(680, 'en', 'adjective/adverb', 'forever'),
(2143, 'en', 'adjective/adverb', 'formidable'),
(1007, 'en', 'adjective/adverb', 'fruitful'),
(1537, 'en', 'adjective/adverb', 'full'),
(382, 'en', 'adjective/adverb', 'fundamental'),
(1594, 'en', 'adjective/adverb', 'fundamentally'),
(1913, 'en', 'noun', 'furniture'),
(987, 'en', 'adjective/adverb', 'future'),
(548, 'en', 'adjective/adverb', 'gaping'),
(393, 'en', 'adjective/adverb', 'general'),
(1284, 'en', 'noun', 'glory'),
(1942, 'en', 'adjective/adverb', 'goal'),
(553, 'en', 'noun', 'godparent'),
(1986, 'en', 'noun', 'goodbye'),
(1764, 'en', 'noun', 'gratification'),
(663, 'en', 'noun', 'guarantor'),
(8, 'en', 'noun', 'guidance'),
(1618, 'en', 'noun', 'gymnast'),
(1644, 'en', 'noun', 'habit'),
(1760, 'en', 'noun', 'handling'),
(2048, 'en', 'adjective/adverb', 'handy'),
(50, 'en', 'noun', 'harbour'),
(1069, 'en', 'adjective/adverb', 'has room for improvement'),
(653, 'en', 'noun', 'hauler'),
(428, 'en', 'noun', 'health care'),
(97, 'en', 'noun', 'helicopter'),
(1095, 'en', 'noun', 'help desk'),
(1946, 'en', 'adjective/adverb', 'herefrom'),
(1591, 'en', 'noun', 'hint'),
(1186, 'en', 'noun', 'hook'),
(1062, 'en', 'noun', 'housing complex'),
(1953, 'en', 'adjective/adverb', 'however'),
(1700, 'en', 'noun', 'humility'),
(101, 'en', 'adjective/adverb', 'humoured'),
(290, 'en', 'noun', 'idea'),
(1637, 'en', 'noun', 'idleness'),
(1975, 'en', 'preposition', 'if'),
(1791, 'en', 'adjective/adverb', 'if anything'),
(2126, 'en', 'noun', 'ignorance'),
(1935, 'en', 'adjective/adverb', 'immediately'),
(1413, 'en', 'noun', 'impact'),
(1745, 'en', 'noun', 'implementation'),
(281, 'en', 'adjective/adverb', 'impossible'),
(1974, 'en', 'preposition', 'in case'),
(1972, 'en', 'adjective/adverb', 'in cash'),
(1937, 'en', 'adjective/adverb', 'in confidence'),
(1344, 'en', 'preposition', 'in contrast to'),
(176, 'en', 'adjective/adverb', 'in detail'),
(195, 'en', 'adjective/adverb', 'in installments'),
(2046, 'en', 'adjective/adverb', 'in reality'),
(111, 'en', 'adjective/adverb', 'in so.''s honour'),
(1808, 'en', 'adjective/adverb', 'in the long run'),
(1557, 'en', 'adjective/adverb', 'in the week'),
(1638, 'en', 'noun', 'inactivity'),
(1394, 'en', 'noun', 'incentive'),
(1779, 'en', 'noun', 'incidence'),
(513, 'en', 'noun', 'inclination'),
(1529, 'en', 'adjective/adverb', 'increasing'),
(33, 'en', 'noun', 'index'),
(2218, 'en', 'adjective/adverb', 'industrial'),
(2114, 'en', 'noun', 'industry'),
(1799, 'en', 'adjective/adverb', 'inhibited'),
(1420, 'en', 'noun', 'initial situation'),
(211, 'en', 'noun', 'initiation'),
(2104, 'en', 'noun', 'input'),
(1918, 'en', 'noun', 'inquiry'),
(1767, 'en', 'noun', 'installation'),
(1298, 'en', 'noun', 'instance'),
(1888, 'en', 'noun', 'instruction'),
(151, 'en', 'noun', 'insult'),
(2229, 'en', 'adjective/adverb', 'intact'),
(1544, 'en', 'noun', 'intensity'),
(1500, 'en', 'noun', 'intensity of load'),
(1342, 'en', 'adjective/adverb', 'intent'),
(1418, 'en', 'noun', 'intention'),
(1928, 'en', 'noun', 'interim tenant'),
(1077, 'en', 'noun', 'interrogation'),
(1533, 'en', 'adjective/adverb', 'inviolable'),
(1736, 'en', 'noun', 'issue'),
(145, 'en', 'noun', 'item'),
(586, 'en', 'noun', 'jetty'),
(2157, 'en', 'noun', 'joint use'),
(172, 'en', 'noun', 'journey'),
(535, 'en', 'noun', 'journeyman'),
(1894, 'en', 'noun', 'jurisdiction'),
(1021, 'en', 'adjective/adverb', 'just'),
(1522, 'en', 'adjective/adverb', 'just as'),
(1033, 'en', 'adjective/adverb', 'just under'),
(2220, 'en', 'adjective/adverb', 'justifiable'),
(193, 'en', 'noun', 'kick-off'),
(329, 'en', 'noun', 'label'),
(331, 'en', 'noun', 'labelling'),
(430, 'en', 'noun', 'labour force'),
(1332, 'en', 'noun', 'lag'),
(985, 'en', 'adjective/adverb', 'laminated'),
(527, 'en', 'noun', 'lane'),
(322, 'en', 'noun', 'language'),
(2147, 'en', 'adjective/adverb', 'large'),
(572, 'en', 'noun', 'latch'),
(960, 'en', 'noun', 'law suit'),
(424, 'en', 'noun', 'layman'),
(1060, 'en', 'noun', 'layout'),
(1228, 'en', 'noun', 'leak'),
(213, 'en', 'adjective/adverb', 'leaky'),
(1464, 'en', 'noun', 'lecture'),
(468, 'en', 'noun', 'lecture hall'),
(2131, 'en', 'noun', 'lecturer'),
(327, 'en', 'adjective/adverb', 'legendary'),
(2219, 'en', 'adjective/adverb', 'legitimate'),
(1038, 'en', 'noun', 'level'),
(2164, 'en', 'noun', 'licence'),
(168, 'en', 'noun', 'light bulb'),
(2120, 'en', 'noun', 'lighting'),
(1521, 'en', 'adjective/adverb', 'likewise'),
(1654, 'en', 'noun', 'liking'),
(2214, 'en', 'adjective/adverb', 'limited'),
(675, 'en', 'noun', 'line'),
(1365, 'en', 'adjective/adverb', 'lingering'),
(31, 'en', 'noun', 'list'),
(994, 'en', 'adjective/adverb', 'little');
INSERT INTO `lexemes` (`id`, `language`, `type`, `entry`) VALUES
(944, 'en', 'noun', 'liveliness'),
(1498, 'en', 'noun', 'load'),
(1916, 'en', 'noun', 'location'),
(571, 'en', 'noun', 'lock'),
(1305, 'en', 'adjective/adverb', 'loose'),
(360, 'en', 'noun', 'loss'),
(1939, 'en', 'adjective/adverb', 'lost'),
(995, 'en', 'adjective/adverb', 'low'),
(249, 'en', 'adjective/adverb', 'low-maintenance'),
(1758, 'en', 'noun', 'maintenance'),
(2064, 'en', 'adjective/adverb', 'manageable'),
(68, 'en', 'noun', 'management'),
(321, 'en', 'noun', 'manner of speaking'),
(159, 'en', 'adjective/adverb', 'married'),
(1615, 'en', 'noun', 'mason'),
(1626, 'en', 'noun', 'matter'),
(2190, 'en', 'noun', 'medium-size business'),
(1906, 'en', 'noun', 'meeting'),
(641, 'en', 'noun', 'member'),
(939, 'en', 'noun', 'mental state'),
(1022, 'en', 'adjective/adverb', 'mere'),
(1900, 'en', 'noun', 'method'),
(2191, 'en', 'noun', 'middle class'),
(1503, 'en', 'noun', 'misbelief'),
(1502, 'en', 'noun', 'misconception'),
(805, 'en', 'adjective/adverb', 'mostly'),
(1409, 'en', 'noun', 'mounting'),
(666, 'en', 'noun', 'move'),
(654, 'en', 'noun', 'mover'),
(63, 'en', 'noun', 'myth'),
(1752, 'en', 'noun', 'navigation'),
(999, 'en', 'adjective/adverb', 'neat'),
(278, 'en', 'noun', 'neck'),
(435, 'en', 'noun', 'need'),
(418, 'en', 'noun', 'neglect'),
(1028, 'en', 'adjective/adverb', 'net'),
(1554, 'en', 'adjective/adverb', 'nevertheless'),
(624, 'en', 'noun', 'next generation'),
(1630, 'en', 'noun', 'noise'),
(2107, 'en', 'noun', 'notepad'),
(1930, 'en', 'noun', 'notification'),
(144, 'en', 'noun', 'object'),
(1067, 'en', 'noun', 'obligation'),
(1539, 'en', 'adjective/adverb', 'obsolete'),
(155, 'en', 'noun', 'occasion'),
(1780, 'en', 'noun', 'occurrence'),
(1287, 'en', 'noun', 'odds and ends'),
(1031, 'en', 'adjective/adverb', 'of many kinds'),
(597, 'en', 'adjective/adverb', 'off the top of one''s head'),
(2128, 'en', 'noun', 'office'),
(1087, 'en', 'noun', 'officer'),
(1073, 'en', 'noun', 'official'),
(153, 'en', 'adjective/adverb', 'on behalf of'),
(157, 'en', 'adjective/adverb', 'on special occasions'),
(1954, 'en', 'adjective/adverb', 'on the other hand'),
(1546, 'en', 'adjective/adverb', 'on the whole'),
(1559, 'en', 'adjective/adverb', 'on weekdays'),
(1481, 'en', 'adjective/adverb', 'one-sided'),
(1811, 'en', 'adjective/adverb', 'open'),
(651, 'en', 'noun', 'operation'),
(426, 'en', 'noun', 'operator'),
(1740, 'en', 'noun', 'opportunity'),
(1184, 'en', 'noun', 'opposition'),
(275, 'en', 'noun', 'order'),
(615, 'en', 'noun', 'organ'),
(389, 'en', 'noun', 'organisation'),
(197, 'en', 'noun', 'organiser'),
(2208, 'en', 'adjective/adverb', 'oriented'),
(1373, 'en', 'adjective/adverb', 'otherwise'),
(2073, 'en', 'adjective/adverb', 'outlined'),
(2117, 'en', 'noun', 'output'),
(1807, 'en', 'adjective/adverb', 'over time'),
(395, 'en', 'adjective/adverb', 'overall'),
(1531, 'en', 'adjective/adverb', 'overloaded'),
(634, 'en', 'noun', 'paragraph'),
(1613, 'en', 'noun', 'parameter'),
(1482, 'en', 'adjective/adverb', 'partial'),
(1754, 'en', 'noun', 'participant'),
(1018, 'en', 'adjective/adverb', 'passed'),
(1144, 'en', 'noun', 'pay'),
(1468, 'en', 'noun', 'payment'),
(91, 'en', 'noun', 'pen'),
(164, 'en', 'noun', 'penthouse'),
(1435, 'en', 'noun', 'perception'),
(620, 'en', 'noun', 'performance'),
(682, 'en', 'adjective/adverb', 'perpetual'),
(1773, 'en', 'noun', 'piece of information'),
(137, 'en', 'noun', 'piggy bank'),
(1225, 'en', 'noun', 'pinch'),
(253, 'en', 'noun', 'pity'),
(515, 'en', 'noun', 'placement'),
(1950, 'en', 'adjective/adverb', 'plausible'),
(183, 'en', 'noun', 'pleasure'),
(1814, 'en', 'preposition', 'plus'),
(1232, 'en', 'noun', 'pole'),
(588, 'en', 'noun', 'popping ears'),
(1323, 'en', 'noun', 'potency'),
(2187, 'en', 'noun', 'power station'),
(2185, 'en', 'noun', 'precaution'),
(2136, 'en', 'adjective/adverb', 'precise'),
(267, 'en', 'noun', 'predicate nominative'),
(190, 'en', 'noun', 'premiere'),
(1090, 'en', 'noun', 'prerequisite'),
(1309, 'en', 'adjective/adverb', 'present'),
(508, 'en', 'noun', 'presentation'),
(1327, 'en', 'noun', 'pressure'),
(1370, 'en', 'adjective/adverb', 'presumably'),
(630, 'en', 'noun', 'prisoner'),
(27, 'en', 'noun', 'procedure'),
(2179, 'en', 'noun', 'proceed'),
(25, 'en', 'noun', 'process'),
(2118, 'en', 'noun', 'production'),
(1221, 'en', 'noun', 'progress'),
(240, 'en', 'adjective/adverb', 'prompt'),
(636, 'en', 'noun', 'proof'),
(348, 'en', 'adjective/adverb', 'proper'),
(251, 'en', 'noun', 'proper noun'),
(141, 'en', 'noun', 'property'),
(2042, 'en', 'adjective/adverb', 'provided'),
(2227, 'en', 'preposition', 'provided'),
(475, 'en', 'noun', 'provision'),
(969, 'en', 'adjective/adverb', 'prude'),
(99, 'en', 'noun', 'pub crawl'),
(420, 'en', 'noun', 'punishment'),
(525, 'en', 'noun', 'puppet'),
(1896, 'en', 'noun', 'purpose'),
(1702, 'en', 'noun', 'purposefulness'),
(1081, 'en', 'noun', 'purse'),
(1647, 'en', 'noun', 'push'),
(1479, 'en', 'adjective/adverb', 'qualified'),
(446, 'en', 'noun', 'qualified person'),
(1738, 'en', 'noun', 'quantity of material'),
(990, 'en', 'adjective/adverb', 'quite a few'),
(692, 'en', 'noun', 'quotation marks'),
(691, 'en', 'noun', 'quotes'),
(2124, 'en', 'noun', 'radiator'),
(677, 'en', 'adjective/adverb', 'raised'),
(2102, 'en', 'noun', 'range'),
(1040, 'en', 'noun', 'rank'),
(2045, 'en', 'adjective/adverb', 'real'),
(142, 'en', 'noun', 'real estate'),
(575, 'en', 'noun', 'reason'),
(2138, 'en', 'adjective/adverb', 'reasonable'),
(1747, 'en', 'noun', 'reassurance'),
(1437, 'en', 'noun', 'receipt'),
(637, 'en', 'noun', 'record'),
(1460, 'en', 'noun', 'recording'),
(1609, 'en', 'adjective/adverb', 'reduced'),
(1140, 'en', 'noun', 'reduction'),
(1251, 'en', 'noun', 'reference'),
(617, 'en', 'noun', 'refurbishment'),
(1788, 'en', 'adjective/adverb', 'regarding'),
(1487, 'en', 'noun', 'regeneration'),
(32, 'en', 'noun', 'register'),
(399, 'en', 'noun', 'regulation'),
(618, 'en', 'noun', 'rehabilitation'),
(1879, 'en', 'noun', 'reimbursement'),
(1316, 'en', 'adjective/adverb', 'relating to'),
(187, 'en', 'adjective/adverb', 'relaxed'),
(1445, 'en', 'adjective/adverb', 'reliable'),
(2109, 'en', 'noun', 'relief'),
(646, 'en', 'noun', 'removal'),
(1920, 'en', 'noun', 'rent'),
(1492, 'en', 'noun', 'rep'),
(1491, 'en', 'noun', 'repitition'),
(452, 'en', 'noun', 'report'),
(2140, 'en', 'adjective/adverb', 'represented'),
(1697, 'en', 'noun', 'request'),
(2212, 'en', 'adjective/adverb', 'requested'),
(19, 'en', 'noun', 'requirement'),
(2176, 'en', 'noun', 'reserve'),
(502, 'en', 'adjective/adverb', 'resident'),
(2151, 'en', 'noun', 'residential purposes'),
(1183, 'en', 'noun', 'resistance'),
(397, 'en', 'adjective/adverb', 'respective'),
(1944, 'en', 'adjective/adverb', 'resulting'),
(1106, 'en', 'noun', 'revenge'),
(1049, 'en', 'noun', 'revenue'),
(1300, 'en', 'noun', 'reward'),
(539, 'en', 'noun', 'rhyme'),
(1892, 'en', 'noun', 'right to'),
(1511, 'en', 'noun', 'rigidity'),
(1115, 'en', 'noun', 'ritual'),
(1231, 'en', 'noun', 'rod'),
(1902, 'en', 'noun', 'root'),
(1681, 'en', 'adjective/adverb', 'rough'),
(674, 'en', 'noun', 'row'),
(64, 'en', 'noun', 'rumour'),
(2162, 'en', 'noun', 'running costs'),
(1048, 'en', 'noun', 'sales'),
(231, 'en', 'noun', 'sample'),
(1776, 'en', 'noun', 'satisfaction'),
(1805, 'en', 'noun', 'satisfaction of one''s needs'),
(2122, 'en', 'noun', 'saving'),
(1099, 'en', 'noun', 'scale'),
(1291, 'en', 'noun', 'seduction'),
(1997, 'en', 'noun', 'seed'),
(209, 'en', 'noun', 'seizure'),
(1766, 'en', 'noun', 'self gratification'),
(1756, 'en', 'noun', 'self-monitoring'),
(1749, 'en', 'noun', 'self-reassurance'),
(1966, 'en', 'adjective/adverb', 'separately'),
(1466, 'en', 'noun', 'series of lectures'),
(1494, 'en', 'noun', 'set'),
(1768, 'en', 'noun', 'set up'),
(989, 'en', 'adjective/adverb', 'several'),
(147, 'en', 'noun', 'shark'),
(2155, 'en', 'noun', 'shelf'),
(52, 'en', 'noun', 'shore'),
(1014, 'en', 'adjective/adverb', 'short-term'),
(1333, 'en', 'noun', 'shortfall'),
(530, 'en', 'noun', 'sight'),
(1405, 'en', 'noun', 'significance'),
(551, 'en', 'adjective/adverb', 'silken'),
(149, 'en', 'noun', 'sin'),
(2159, 'en', 'noun', 'sink'),
(447, 'en', 'noun', 'skilled labour'),
(687, 'en', 'noun', 'slash'),
(120, 'en', 'noun', 'slice'),
(35, 'en', 'noun', 'slip of the tongue'),
(1525, 'en', 'noun', 'small of the back'),
(599, 'en', 'noun', 'smoke'),
(975, 'en', 'adjective/adverb', 'smooth'),
(1364, 'en', 'adjective/adverb', 'sneaky'),
(2075, 'en', 'adjective/adverb', 'solid'),
(1665, 'en', 'adjective/adverb', 'sometimes'),
(1629, 'en', 'noun', 'sound'),
(481, 'en', 'noun', 'space flight'),
(2041, 'en', 'adjective/adverb', 'specified'),
(205, 'en', 'noun', 'spectator'),
(363, 'en', 'adjective/adverb', 'spent'),
(2172, 'en', 'noun', 'split-up'),
(272, 'en', 'noun', 'sponsor'),
(1230, 'en', 'noun', 'staff'),
(964, 'en', 'noun', 'stance'),
(2209, 'en', 'adjective/adverb', 'standing'),
(192, 'en', 'noun', 'start'),
(940, 'en', 'noun', 'state of mind'),
(1240, 'en', 'adjective/adverb', 'stated'),
(997, 'en', 'adjective/adverb', 'steep'),
(1037, 'en', 'noun', 'step'),
(1512, 'en', 'noun', 'stiffness'),
(1555, 'en', 'adjective/adverb', 'still'),
(2174, 'en', 'noun', 'storage'),
(123, 'en', 'adjective/adverb', 'straightaway'),
(1328, 'en', 'noun', 'strain'),
(1703, 'en', 'noun', 'strength of purpose'),
(388, 'en', 'noun', 'structure'),
(1793, 'en', 'adjective/adverb', 'structured'),
(1288, 'en', 'noun', 'stuff'),
(1450, 'en', 'adjective/adverb', 'stunning'),
(366, 'en', 'noun', 'stylistic element'),
(1475, 'en', 'preposition', 'subject to'),
(1883, 'en', 'noun', 'subsequent billing'),
(2066, 'en', 'adjective/adverb', 'subsequently'),
(2144, 'en', 'adjective/adverb', 'substantial'),
(1585, 'en', 'adjective/adverb', 'subtle'),
(1548, 'en', 'adjective/adverb', 'such'),
(241, 'en', 'adjective/adverb', 'sudden'),
(346, 'en', 'adjective/adverb', 'suitable'),
(333, 'en', 'noun', 'supervision'),
(644, 'en', 'noun', 'supply'),
(470, 'en', 'noun', 'support'),
(1371, 'en', 'adjective/adverb', 'supposedly'),
(1633, 'en', 'noun', 'surrounds'),
(1542, 'en', 'adjective/adverb', 'sustainable'),
(522, 'en', 'noun', 'sweeper'),
(1026, 'en', 'adjective/adverb', 'sweeping'),
(254, 'en', 'noun', 'sympathy'),
(1415, 'en', 'noun', 'synopsis'),
(1535, 'en', 'adjective/adverb', 'taboo'),
(1941, 'en', 'adjective/adverb', 'targeted'),
(274, 'en', 'noun', 'task'),
(1035, 'en', 'noun', 'tax'),
(1392, 'en', 'noun', 'tax return'),
(353, 'en', 'noun', 'technical jargon'),
(1686, 'en', 'adjective/adverb', 'temporal'),
(1015, 'en', 'adjective/adverb', 'temporary'),
(1290, 'en', 'noun', 'temptation'),
(1877, 'en', 'noun', 'tenancy'),
(1329, 'en', 'noun', 'tension'),
(287, 'en', 'noun', 'term'),
(233, 'en', 'noun', 'test'),
(1346, 'en', 'preposition', 'that is'),
(2224, 'en', 'adjective/adverb', 'therefore'),
(972, 'en', 'adjective/adverb', 'thorough'),
(1969, 'en', 'adjective/adverb', 'though'),
(2001, 'en', 'adjective/adverb', 'thoughtfully'),
(661, 'en', 'noun', 'thoughtfulness'),
(521, 'en', 'noun', 'thread'),
(1646, 'en', 'noun', 'thrust'),
(1801, 'en', 'adjective/adverb', 'thus'),
(1002, 'en', 'adjective/adverb', 'tidy'),
(1259, 'en', 'adjective/adverb', 'timely'),
(37, 'en', 'verb', 'to accept'),
(2247, 'en', 'verb', 'to access'),
(891, 'en', 'verb', 'to accompany so.'),
(748, 'en', 'verb', 'to accrue'),
(875, 'en', 'verb', 'to accumulate'),
(745, 'en', 'verb', 'to accuse'),
(727, 'en', 'verb', 'to achieve'),
(812, 'en', 'verb', 'to acknowledge'),
(370, 'en', 'verb', 'to acknowledge sth. as sth.'),
(493, 'en', 'verb', 'to acquire'),
(1721, 'en', 'verb', 'to act in place of.'),
(1599, 'en', 'verb', 'to adapt'),
(2055, 'en', 'verb', 'to add to sth.'),
(1832, 'en', 'verb', 'to add up to'),
(1194, 'en', 'verb', 'to address'),
(376, 'en', 'verb', 'to address sth.'),
(928, 'en', 'verb', 'to admit'),
(849, 'en', 'verb', 'to advocate sth.'),
(495, 'en', 'verb', 'to allocate'),
(2239, 'en', 'verb', 'to allow'),
(541, 'en', 'verb', 'to allow onself sth.'),
(1833, 'en', 'verb', 'to amount to'),
(83, 'en', 'verb', 'to annihilate'),
(567, 'en', 'verb', 'to announce'),
(1669, 'en', 'verb', 'to answer'),
(245, 'en', 'verb', 'to appear'),
(1723, 'en', 'verb', 'to apply'),
(454, 'en', 'verb', 'to apply to sth.'),
(1193, 'en', 'verb', 'to approach'),
(1564, 'en', 'verb', 'to approach sth.'),
(1852, 'en', 'verb', 'to argue'),
(243, 'en', 'verb', 'to arise'),
(2050, 'en', 'verb', 'to arise from sth.'),
(2052, 'en', 'verb', 'to arrange'),
(1848, 'en', 'verb', 'to ascertain'),
(1162, 'en', 'verb', 'to ask for sth.'),
(878, 'en', 'verb', 'to assault so.'),
(258, 'en', 'verb', 'to assert'),
(1130, 'en', 'verb', 'to assess'),
(496, 'en', 'verb', 'to assign'),
(757, 'en', 'verb', 'to associate with so.'),
(1656, 'en', 'verb', 'to assume'),
(784, 'en', 'verb', 'to attach'),
(1857, 'en', 'verb', 'to attack'),
(879, 'en', 'verb', 'to attack so.'),
(1584, 'en', 'verb', 'to attain'),
(892, 'en', 'verb', 'to attend so.'),
(803, 'en', 'verb', 'to attract attention'),
(12, 'en', 'verb', 'to author'),
(1829, 'en', 'verb', 'to authorise'),
(885, 'en', 'verb', 'to avoid'),
(1579, 'en', 'verb', 'to badger'),
(1611, 'en', 'verb', 'to be among sth.'),
(1279, 'en', 'verb', 'to be arranged'),
(170, 'en', 'verb', 'to be born'),
(852, 'en', 'verb', 'to be capable'),
(1870, 'en', 'verb', 'to be carried out'),
(2077, 'en', 'verb', 'to be composed of sth.'),
(716, 'en', 'verb', 'to be concerned with sth.'),
(107, 'en', 'verb', 'to be crazy about sth.'),
(377, 'en', 'verb', 'to be directed at sth.'),
(1732, 'en', 'verb', 'to be existent'),
(1484, 'en', 'verb', 'to be in debt'),
(2013, 'en', 'verb', 'to be lacking sth.'),
(135, 'en', 'verb', 'to be lucky'),
(2014, 'en', 'verb', 'to be missing sth.'),
(1733, 'en', 'verb', 'to be on hand'),
(1180, 'en', 'verb', 'to be pending'),
(850, 'en', 'verb', 'to be responsible for sth.'),
(1244, 'en', 'verb', 'to be responsive to sth.'),
(1385, 'en', 'verb', 'to be slow'),
(1281, 'en', 'verb', 'to be somewhere'),
(1313, 'en', 'verb', 'to be subject to sth.'),
(776, 'en', 'verb', 'to be teeming'),
(907, 'en', 'verb', 'to bedevil'),
(1496, 'en', 'verb', 'to bench press'),
(1999, 'en', 'verb', 'to beware'),
(951, 'en', 'verb', 'to bless'),
(2095, 'en', 'verb', 'to block'),
(94, 'en', 'verb', 'to block out'),
(1382, 'en', 'verb', 'to blur'),
(700, 'en', 'verb', 'to bluster'),
(1134, 'en', 'verb', 'to break'),
(313, 'en', 'verb', 'to break down'),
(337, 'en', 'verb', 'to bring in'),
(2025, 'en', 'verb', 'to bring together'),
(358, 'en', 'verb', 'to buzz'),
(1846, 'en', 'verb', 'to call in'),
(262, 'en', 'verb', 'to carry out'),
(590, 'en', 'verb', 'to catch oneself doing sth.'),
(125, 'en', 'verb', 'to catch sight of'),
(807, 'en', 'verb', 'to centre on sth.'),
(931, 'en', 'verb', 'to challenge'),
(746, 'en', 'verb', 'to charge'),
(166, 'en', 'verb', 'to cheat'),
(103, 'en', 'verb', 'to cheer'),
(934, 'en', 'verb', 'to choose'),
(1111, 'en', 'verb', 'to circle sth.'),
(555, 'en', 'verb', 'to claim'),
(1868, 'en', 'verb', 'to clear'),
(546, 'en', 'verb', 'to clip'),
(311, 'en', 'verb', 'to collapse'),
(1735, 'en', 'verb', 'to combine'),
(1264, 'en', 'verb', 'to come to mind'),
(898, 'en', 'verb', 'to come up'),
(778, 'en', 'verb', 'to come up with sth.'),
(40, 'en', 'verb', 'to command a skill'),
(872, 'en', 'verb', 'to commence'),
(1659, 'en', 'verb', 'to commit oneself'),
(1245, 'en', 'verb', 'to commit onself to sth.'),
(2232, 'en', 'verb', 'to compare'),
(2024, 'en', 'verb', 'to compile'),
(86, 'en', 'verb', 'to complain'),
(222, 'en', 'verb', 'to complete'),
(74, 'en', 'verb', 'to compliment so. on sth.'),
(13, 'en', 'verb', 'to compose'),
(1257, 'en', 'verb', 'to comprise'),
(929, 'en', 'verb', 'to concede'),
(406, 'en', 'verb', 'to concern'),
(2081, 'en', 'verb', 'to conclude'),
(1376, 'en', 'verb', 'to conduct'),
(953, 'en', 'verb', 'to confide in so.'),
(811, 'en', 'verb', 'to confirm'),
(2008, 'en', 'verb', 'to conform to sth.'),
(783, 'en', 'verb', 'to connect'),
(1153, 'en', 'verb', 'to consider'),
(264, 'en', 'verb', 'to contain'),
(2060, 'en', 'verb', 'to continue'),
(2056, 'en', 'verb', 'to contribute to sth.'),
(1210, 'en', 'verb', 'to convert'),
(1670, 'en', 'verb', 'to correspond'),
(786, 'en', 'verb', 'to crack'),
(704, 'en', 'verb', 'to crash'),
(87, 'en', 'verb', 'to criticise'),
(1132, 'en', 'verb', 'to cross one''s mind'),
(735, 'en', 'verb', 'to cull'),
(761, 'en', 'verb', 'to cut down'),
(544, 'en', 'verb', 'to cut off'),
(910, 'en', 'verb', 'to dare'),
(787, 'en', 'verb', 'to dash'),
(207, 'en', 'verb', 'to date back'),
(1266, 'en', 'verb', 'to dazzle'),
(1858, 'en', 'verb', 'to deal with'),
(714, 'en', 'verb', 'to deal with sth.'),
(355, 'en', 'verb', 'to deceive'),
(259, 'en', 'verb', 'to declare'),
(344, 'en', 'verb', 'to decorate'),
(2097, 'en', 'verb', 'to decrease'),
(732, 'en', 'verb', 'to dedicate oneself to sth.'),
(932, 'en', 'verb', 'to defy'),
(862, 'en', 'verb', 'to delay'),
(15, 'en', 'verb', 'to demand'),
(770, 'en', 'verb', 'to depend on sth.'),
(2031, 'en', 'verb', 'to derive'),
(1715, 'en', 'verb', 'to detain'),
(257, 'en', 'verb', 'to determine'),
(246, 'en', 'verb', 'to develop'),
(351, 'en', 'verb', 'to devise'),
(1658, 'en', 'verb', 'to devote oneself'),
(865, 'en', 'verb', 'to devour'),
(759, 'en', 'verb', 'to dig'),
(823, 'en', 'verb', 'to dignify'),
(1588, 'en', 'verb', 'to digress from sth.'),
(773, 'en', 'verb', 'to disassemble'),
(2099, 'en', 'verb', 'to discern'),
(888, 'en', 'verb', 'to disconnect'),
(2079, 'en', 'verb', 'to discuss'),
(772, 'en', 'verb', 'to dismantle'),
(799, 'en', 'verb', 'to dismount'),
(48, 'en', 'verb', 'to displace'),
(2020, 'en', 'verb', 'to dissipate one''s energies'),
(792, 'en', 'verb', 'to dissolve'),
(1277, 'en', 'verb', 'to distract so. from sth.'),
(836, 'en', 'verb', 'to dive'),
(2039, 'en', 'verb', 'to divide'),
(1471, 'en', 'verb', 'to do'),
(1125, 'en', 'verb', 'to draw from sth.'),
(842, 'en', 'verb', 'to draw up'),
(1561, 'en', 'verb', 'to drive into'),
(2018, 'en', 'verb', 'to dwell on sth.'),
(861, 'en', 'verb', 'to edge'),
(1860, 'en', 'verb', 'to eliminate'),
(1189, 'en', 'verb', 'to embarrass oneself'),
(1572, 'en', 'verb', 'to embrace'),
(896, 'en', 'verb', 'to emerge'),
(284, 'en', 'verb', 'to emerge as sth.'),
(901, 'en', 'verb', 'to empathise with so.'),
(2083, 'en', 'verb', 'to emphasise'),
(2058, 'en', 'verb', 'to endure'),
(117, 'en', 'verb', 'to enforce'),
(1108, 'en', 'verb', 'to engross'),
(864, 'en', 'verb', 'to engulf'),
(301, 'en', 'verb', 'to enrich'),
(1129, 'en', 'verb', 'to estimate'),
(760, 'en', 'verb', 'to excavate'),
(221, 'en', 'verb', 'to execute'),
(1864, 'en', 'verb', 'to expect'),
(1177, 'en', 'verb', 'to expect sth. of so.'),
(581, 'en', 'verb', 'to experience'),
(128, 'en', 'verb', 'to explain'),
(1851, 'en', 'verb', 'to expose'),
(489, 'en', 'verb', 'to extend'),
(312, 'en', 'verb', 'to fail'),
(1663, 'en', 'verb', 'to fathom'),
(1191, 'en', 'verb', 'to fear'),
(916, 'en', 'verb', 'to feel'),
(722, 'en', 'verb', 'to fetch'),
(809, 'en', 'verb', 'to find oneself in a place'),
(220, 'en', 'verb', 'to finish'),
(712, 'en', 'verb', 'to flirt with so.'),
(768, 'en', 'verb', 'to fold in'),
(1388, 'en', 'verb', 'to follow sth. up'),
(303, 'en', 'verb', 'to forecast'),
(1336, 'en', 'verb', 'to foster'),
(178, 'en', 'verb', 'to free'),
(1248, 'en', 'verb', 'to fulfill'),
(1866, 'en', 'verb', 'to gather'),
(1603, 'en', 'verb', 'to gear towards sth.'),
(718, 'en', 'verb', 'to generate'),
(723, 'en', 'verb', 'to get'),
(1174, 'en', 'verb', 'to go about'),
(1689, 'en', 'verb', 'to go about sth.'),
(2009, 'en', 'verb', 'to go along with sth.'),
(1110, 'en', 'verb', 'to go around'),
(1581, 'en', 'verb', 'to go on'),
(582, 'en', 'verb', 'to go through'),
(1440, 'en', 'verb', 'to graduate'),
(881, 'en', 'verb', 'to grant'),
(1175, 'en', 'verb', 'to grapple'),
(1840, 'en', 'verb', 'to guarantee'),
(817, 'en', 'verb', 'to halt'),
(1562, 'en', 'verb', 'to hammer into'),
(1693, 'en', 'verb', 'to hang on'),
(739, 'en', 'verb', 'to happen'),
(1678, 'en', 'verb', 'to have sth. in mind'),
(926, 'en', 'verb', 'to hesitate'),
(1694, 'en', 'verb', 'to hold out'),
(824, 'en', 'verb', 'to honour'),
(357, 'en', 'verb', 'to hum'),
(710, 'en', 'verb', 'to identify'),
(1443, 'en', 'verb', 'to implement'),
(1573, 'en', 'verb', 'to imply'),
(1255, 'en', 'verb', 'to import'),
(422, 'en', 'verb', 'to impose'),
(1256, 'en', 'verb', 'to include'),
(2003, 'en', 'verb', 'to incubate'),
(876, 'en', 'verb', 'to incur'),
(1842, 'en', 'verb', 'to indicate'),
(542, 'en', 'verb', 'to indulge in sth.'),
(1661, 'en', 'verb', 'to infect'),
(1835, 'en', 'verb', 'to inform'),
(72, 'en', 'verb', 'to inform so. about sth.'),
(1204, 'en', 'verb', 'to infuse'),
(749, 'en', 'verb', 'to initiate'),
(1238, 'en', 'verb', 'to inquire about sth.'),
(105, 'en', 'verb', 'to inspire'),
(1830, 'en', 'verb', 'to instruct'),
(1676, 'en', 'verb', 'to intend'),
(338, 'en', 'verb', 'to introduce'),
(350, 'en', 'verb', 'to invent'),
(2242, 'en', 'verb', 'to invest'),
(1571, 'en', 'verb', 'to involve'),
(292, 'en', 'verb', 'to iron'),
(889, 'en', 'verb', 'to isolate'),
(882, 'en', 'verb', 'to issue'),
(840, 'en', 'verb', 'to jerk'),
(815, 'en', 'verb', 'to jiggle'),
(1872, 'en', 'verb', 'to join'),
(1242, 'en', 'verb', 'to keep in mind'),
(1717, 'en', 'verb', 'to knot'),
(2034, 'en', 'verb', 'to lay down'),
(2022, 'en', 'verb', 'to lay out'),
(1339, 'en', 'verb', 'to learn'),
(55, 'en', 'verb', 'to leave'),
(1911, 'en', 'verb', 'to leave a message'),
(947, 'en', 'verb', 'to let go'),
(829, 'en', 'verb', 'to lift'),
(764, 'en', 'verb', 'to list'),
(913, 'en', 'verb', 'to listen'),
(1199, 'en', 'verb', 'to listen to'),
(1605, 'en', 'verb', 'to load'),
(95, 'en', 'verb', 'to lock'),
(162, 'en', 'verb', 'to look after sth.'),
(1386, 'en', 'verb', 'to lose'),
(1384, 'en', 'verb', 'to lose time'),
(2091, 'en', 'verb', 'to lower'),
(1671, 'en', 'verb', 'to make'),
(847, 'en', 'verb', 'to make a request'),
(1158, 'en', 'verb', 'to make an effort'),
(80, 'en', 'verb', 'to manage'),
(1674, 'en', 'verb', 'to measure'),
(317, 'en', 'verb', 'to memorize'),
(295, 'en', 'verb', 'to mend'),
(756, 'en', 'verb', 'to mix with so.'),
(859, 'en', 'verb', 'to move'),
(1113, 'en', 'verb', 'to muse'),
(16, 'en', 'verb', 'to necessitate'),
(1569, 'en', 'verb', 'to need'),
(737, 'en', 'verb', 'to neglect'),
(1380, 'en', 'verb', 'to note'),
(918, 'en', 'verb', 'to notice'),
(568, 'en', 'verb', 'to notify'),
(2005, 'en', 'verb', 'to nurse'),
(706, 'en', 'verb', 'to obey'),
(1838, 'en', 'verb', 'to obligate oneself'),
(2100, 'en', 'verb', 'to observe'),
(715, 'en', 'verb', 'to occupy oneself with sth.'),
(244, 'en', 'verb', 'to occur'),
(2053, 'en', 'verb', 'to organise'),
(81, 'en', 'verb', 'to overcome'),
(1485, 'en', 'verb', 'to owe'),
(130, 'en', 'verb', 'to own'),
(1441, 'en', 'verb', 'to pass'),
(294, 'en', 'verb', 'to patch'),
(298, 'en', 'verb', 'to patch up'),
(834, 'en', 'verb', 'to pay'),
(914, 'en', 'verb', 'to pay attention to'),
(936, 'en', 'verb', 'to penetrate'),
(1991, 'en', 'verb', 'to perceive'),
(1203, 'en', 'verb', 'to percolate'),
(261, 'en', 'verb', 'to perform'),
(2240, 'en', 'verb', 'to permit'),
(1692, 'en', 'verb', 'to persevere'),
(1712, 'en', 'verb', 'to pick up'),
(2093, 'en', 'verb', 'to place in'),
(894, 'en', 'verb', 'to plague'),
(1677, 'en', 'verb', 'to plan'),
(113, 'en', 'verb', 'to play'),
(340, 'en', 'verb', 'to play a part in sth.'),
(1154, 'en', 'verb', 'to ponder'),
(131, 'en', 'verb', 'to possess'),
(1979, 'en', 'verb', 'to pray'),
(1164, 'en', 'verb', 'to pray to sth. for sth.'),
(304, 'en', 'verb', 'to predict'),
(1236, 'en', 'verb', 'to prepare oneself for sth.'),
(1850, 'en', 'verb', 'to present'),
(115, 'en', 'verb', 'to prevail'),
(886, 'en', 'verb', 'to prevent'),
(1716, 'en', 'verb', 'to prevent from'),
(1458, 'en', 'verb', 'to prevent from doing sth.'),
(1172, 'en', 'verb', 'to prevent so. from sth.'),
(1582, 'en', 'verb', 'to proceed'),
(342, 'en', 'verb', 'to produce'),
(1335, 'en', 'verb', 'to promote'),
(1725, 'en', 'verb', 'to prove'),
(1728, 'en', 'verb', 'to prove to be sth.'),
(224, 'en', 'verb', 'to provide'),
(924, 'en', 'verb', 'to provoke'),
(1577, 'en', 'verb', 'to pull off'),
(1387, 'en', 'verb', 'to pursue'),
(118, 'en', 'verb', 'to push'),
(1160, 'en', 'verb', 'to push oneself'),
(2027, 'en', 'verb', 'to put into effect'),
(906, 'en', 'verb', 'to put pressure on'),
(1454, 'en', 'verb', 'to put sth. into action'),
(1596, 'en', 'verb', 'to question'),
(1181, 'en', 'verb', 'to queue'),
(830, 'en', 'verb', 'to raise'),
(696, 'en', 'verb', 'to rasp'),
(488, 'en', 'verb', 'to reach'),
(709, 'en', 'verb', 'to realise'),
(708, 'en', 'verb', 'to recognise'),
(379, 'en', 'verb', 'to recommend'),
(2033, 'en', 'verb', 'to record'),
(1121, 'en', 'verb', 'to recover from sth.'),
(1152, 'en', 'verb', 'to reflect'),
(405, 'en', 'verb', 'to regard'),
(1601, 'en', 'verb', 'to regenerate'),
(237, 'en', 'verb', 'to rely on sth.'),
(734, 'en', 'verb', 'to remove'),
(296, 'en', 'verb', 'to repair'),
(47, 'en', 'verb', 'to replace'),
(1844, 'en', 'verb', 'to replace sth. with sth.'),
(1719, 'en', 'verb', 'to represent'),
(846, 'en', 'verb', 'to request'),
(17, 'en', 'verb', 'to require'),
(1473, 'en', 'verb', 'to reserve'),
(180, 'en', 'verb', 'to resolve'),
(1246, 'en', 'verb', 'to respond to sth.'),
(1123, 'en', 'verb', 'to rest'),
(2248, 'en', 'verb', 'to retrieve'),
(1195, 'en', 'verb', 'to rip'),
(1201, 'en', 'verb', 'to rise'),
(911, 'en', 'verb', 'to risk'),
(1566, 'en', 'verb', 'to row'),
(1112, 'en', 'verb', 'to ruminate'),
(1862, 'en', 'verb', 'to run through'),
(1205, 'en', 'verb', 'to saturate'),
(315, 'en', 'verb', 'to save'),
(2244, 'en', 'verb', 'to save money'),
(1379, 'en', 'verb', 'to say'),
(2, 'en', 'verb', 'to say goodbye'),
(765, 'en', 'verb', 'to schedule'),
(1575, 'en', 'verb', 'to screech'),
(1597, 'en', 'verb', 'to scrutinise'),
(775, 'en', 'verb', 'to scurry'),
(917, 'en', 'verb', 'to sense'),
(126, 'en', 'verb', 'to set eyes on'),
(2237, 'en', 'verb', 'to settle'),
(1604, 'en', 'verb', 'to settle into sth.'),
(109, 'en', 'verb', 'to shake'),
(71, 'en', 'verb', 'to share sth. with so.'),
(858, 'en', 'verb', 'to shift'),
(1983, 'en', 'verb', 'to shorten'),
(2089, 'en', 'verb', 'to show'),
(725, 'en', 'verb', 'to sicken so.'),
(43, 'en', 'verb', 'to silence so.'),
(181, 'en', 'verb', 'to slacken'),
(860, 'en', 'verb', 'to slide'),
(818, 'en', 'verb', 'to slow down'),
(84, 'en', 'verb', 'to smash'),
(854, 'en', 'verb', 'to smash in'),
(1135, 'en', 'verb', 'to snap'),
(1270, 'en', 'verb', 'to snap open'),
(698, 'en', 'verb', 'to snarl'),
(694, 'en', 'verb', 'to snort'),
(179, 'en', 'verb', 'to solve'),
(491, 'en', 'verb', 'to span over'),
(923, 'en', 'verb', 'to spark'),
(763, 'en', 'verb', 'to specify'),
(949, 'en', 'verb', 'to speculate'),
(2038, 'en', 'verb', 'to split up'),
(899, 'en', 'verb', 'to spring up'),
(794, 'en', 'verb', 'to sprinkle'),
(819, 'en', 'verb', 'to stagnate'),
(1995, 'en', 'verb', 'to stand out'),
(870, 'en', 'verb', 'to start'),
(1337, 'en', 'verb', 'to stimulate'),
(93, 'en', 'verb', 'to stop'),
(316, 'en', 'verb', 'to store'),
(1606, 'en', 'verb', 'to strain'),
(1159, 'en', 'verb', 'to strain oneself'),
(905, 'en', 'verb', 'to stress'),
(1568, 'en', 'verb', 'to stretch'),
(788, 'en', 'verb', 'to strike'),
(2029, 'en', 'verb', 'to strive for'),
(1827, 'en', 'verb', 'to submit'),
(1726, 'en', 'verb', 'to substantiate'),
(1720, 'en', 'verb', 'to substitute'),
(844, 'en', 'verb', 'to succeed'),
(1312, 'en', 'verb', 'to succumb'),
(741, 'en', 'verb', 'to sue'),
(1730, 'en', 'verb', 'to suffice'),
(46, 'en', 'verb', 'to supersede'),
(728, 'en', 'verb', 'to supply'),
(38, 'en', 'verb', 'to suppose'),
(1207, 'en', 'verb', 'to surround'),
(866, 'en', 'verb', 'to swallow up'),
(606, 'en', 'verb', 'to switch over to sth.'),
(79, 'en', 'verb', 'to tackle'),
(1688, 'en', 'verb', 'to tackle sth.'),
(1865, 'en', 'verb', 'to take'),
(2088, 'en', 'verb', 'to take a test'),
(1455, 'en', 'verb', 'to take away'),
(2006, 'en', 'verb', 'to take care'),
(161, 'en', 'verb', 'to take care of sth.'),
(826, 'en', 'verb', 'to take effect'),
(3, 'en', 'verb', 'to take one''s leave of so.'),
(754, 'en', 'verb', 'to take over'),
(752, 'en', 'verb', 'to take part in sth.'),
(1293, 'en', 'verb', 'to take the bait'),
(821, 'en', 'verb', 'to take to sth.'),
(1713, 'en', 'verb', 'to take up'),
(937, 'en', 'verb', 'to tap into'),
(609, 'en', 'verb', 'to tear'),
(70, 'en', 'verb', 'to tell so. sth.'),
(1275, 'en', 'verb', 'to tend towards sth.'),
(779, 'en', 'verb', 'to think of sth.'),
(839, 'en', 'verb', 'to thrust'),
(702, 'en', 'verb', 'to thunder'),
(2234, 'en', 'verb', 'to transfer'),
(1209, 'en', 'verb', 'to transform'),
(922, 'en', 'verb', 'to trigger'),
(545, 'en', 'verb', 'to trim'),
(781, 'en', 'verb', 'to trot'),
(954, 'en', 'verb', 'to trust in so.'),
(306, 'en', 'verb', 'to trust in sth.'),
(1587, 'en', 'verb', 'to turn away from sth.'),
(801, 'en', 'verb', 'to turn down the volume'),
(2086, 'en', 'verb', 'to turn out to be'),
(285, 'en', 'verb', 'to turn out to be sth.'),
(1156, 'en', 'verb', 'to turn to so.'),
(1710, 'en', 'verb', 'to turn towards sth.'),
(580, 'en', 'verb', 'to undergo'),
(1314, 'en', 'verb', 'to underlie'),
(1377, 'en', 'verb', 'to undertake'),
(1272, 'en', 'verb', 'to undertake sth.'),
(2036, 'en', 'verb', 'to urge so. to do sth.'),
(1855, 'en', 'verb', 'to use'),
(2011, 'en', 'verb', 'to vacate'),
(909, 'en', 'verb', 'to wage'),
(742, 'en', 'verb', 'to wail'),
(1981, 'en', 'verb', 'to wait for'),
(1673, 'en', 'verb', 'to weigh up'),
(790, 'en', 'verb', 'to whisk'),
(827, 'en', 'verb', 'to work'),
(867, 'en', 'verb', 'to wreak'),
(1197, 'en', 'verb', 'to wrench sth. from sth.'),
(11, 'en', 'verb', 'to write'),
(797, 'en', 'verb', 'to yawn'),
(1620, 'en', 'noun', 'top athlete'),
(1650, 'en', 'noun', 'torment'),
(628, 'en', 'noun', 'torture'),
(1217, 'en', 'noun', 'touch'),
(1101, 'en', 'noun', 'tour'),
(2113, 'en', 'noun', 'trade'),
(335, 'en', 'noun', 'transfer'),
(2170, 'en', 'noun', 'transport'),
(560, 'en', 'noun', 'treatment'),
(1824, 'en', 'noun', 'trigger'),
(1422, 'en', 'noun', 'trivialisation'),
(1448, 'en', 'adjective/adverb', 'trustworthy'),
(319, 'en', 'noun', 'tuft'),
(1213, 'en', 'noun', 'tune'),
(594, 'en', 'noun', 'turbine'),
(1514, 'en', 'noun', 'turnaround'),
(1166, 'en', 'noun', 'turning to'),
(2132, 'en', 'noun', 'tutor'),
(1071, 'en', 'noun', 'typhoon'),
(504, 'en', 'adjective/adverb', 'typically'),
(1374, 'en', 'adjective/adverb', 'ulterior'),
(2230, 'en', 'adjective/adverb', 'unaffected'),
(1368, 'en', 'adjective/adverb', 'unburdened'),
(1401, 'en', 'noun', 'unease'),
(282, 'en', 'adjective/adverb', 'unfeasible'),
(1263, 'en', 'adjective/adverb', 'unpleasant'),
(592, 'en', 'adjective/adverb', 'untidy'),
(1534, 'en', 'adjective/adverb', 'untouchable'),
(957, 'en', 'noun', 'upheaval'),
(1819, 'en', 'noun', 'upkeep'),
(564, 'en', 'noun', 'use'),
(505, 'en', 'adjective/adverb', 'usually'),
(1963, 'en', 'adjective/adverb', 'vague'),
(403, 'en', 'adjective/adverb', 'valid'),
(2194, 'en', 'noun', 'valuable export'),
(562, 'en', 'noun', 'vein'),
(1052, 'en', 'noun', 'verification'),
(401, 'en', 'noun', 'version'),
(1390, 'en', 'noun', 'vicious circle'),
(1058, 'en', 'noun', 'viewing'),
(1505, 'en', 'noun', 'volume'),
(1143, 'en', 'noun', 'wages'),
(1082, 'en', 'noun', 'wallet'),
(1509, 'en', 'noun', 'warning bell'),
(648, 'en', 'noun', 'waste water'),
(1706, 'en', 'noun', 'weather'),
(324, 'en', 'noun', 'weed'),
(325, 'en', 'noun', 'weeds'),
(1000, 'en', 'adjective/adverb', 'well-kept'),
(549, 'en', 'adjective/adverb', 'wide open'),
(500, 'en', 'adjective/adverb', 'wide-ranging'),
(2070, 'en', 'noun', 'will power'),
(942, 'en', 'noun', 'wisdom'),
(1696, 'en', 'noun', 'wish'),
(1348, 'en', 'preposition', 'with the help of'),
(2134, 'en', 'noun', 'womb'),
(1622, 'en', 'noun', 'workload'),
(477, 'en', 'noun', 'workmanship'),
(364, 'en', 'adjective/adverb', 'worn out'),
(1507, 'en', 'noun', 'wrong'),
(2178, 'en', 'noun', 'yield'),
(623, 'en', 'noun', 'young'),
(4, 'fr', 'verb', 'congédier qn.');

-- --------------------------------------------------------

--
-- Tabellenstruktur für Tabelle `meanings`
--

CREATE TABLE IF NOT EXISTS `meanings` (
  `id` int(10) NOT NULL AUTO_INCREMENT,
  `userid` int(10) DEFAULT NULL,
  `targetid` int(10) NOT NULL,
  `baseid` int(10) NOT NULL,
  `frequency` int(10) NOT NULL DEFAULT '1',
  `date_entered` timestamp NOT NULL DEFAULT CURRENT_TIMESTAMP,
  PRIMARY KEY (`id`),
  UNIQUE KEY `unique_meaning_per_user_constraint` (`targetid`,`baseid`,`userid`),
  KEY `base` (`targetid`),
  KEY `target` (`baseid`),
  KEY `user_meaning` (`userid`)
) ENGINE=InnoDB  DEFAULT CHARSET=latin1 AUTO_INCREMENT=1576 ;

--
-- Daten für Tabelle `meanings`
--

INSERT INTO `meanings` (`id`, `userid`, `targetid`, `baseid`, `frequency`, `date_entered`) VALUES
(1, 1, 1, 2, 1, '2014-11-17 07:37:55'),
(2, 1, 1, 3, 1, '2014-11-17 08:09:21'),
(3, 1, 1, 4, 1, '2014-11-17 08:42:13'),
(4, 1, 5, 8, 1, '2014-11-18 08:37:34'),
(5, 1, 5, 9, 1, '2014-11-18 08:39:18'),
(6, 1, 10, 11, 1, '2014-11-18 08:41:49'),
(7, 1, 10, 12, 1, '2014-11-18 08:41:53'),
(8, 1, 10, 13, 1, '2014-11-18 08:42:01'),
(10, 1, 14, 15, 2, '2014-11-18 08:53:27'),
(11, 1, 14, 16, 1, '2014-11-18 08:53:34'),
(12, 1, 14, 17, 3, '2014-11-18 08:53:39'),
(14, 1, 18, 19, 3, '2014-11-18 08:55:07'),
(15, 1, 20, 21, 1, '2014-11-18 08:57:02'),
(16, 1, 22, 23, 1, '2014-11-18 08:57:55'),
(17, 1, 24, 25, 1, '2014-11-18 08:59:05'),
(18, 1, 24, 26, 1, '2014-11-18 08:59:10'),
(19, 1, 24, 27, 1, '2014-11-18 08:59:14'),
(20, 1, 28, 29, 1, '2014-11-18 09:00:39'),
(22, 1, 30, 31, 1, '2014-11-18 09:04:37'),
(23, 1, 30, 32, 1, '2014-11-18 09:04:41'),
(24, 1, 30, 33, 1, '2014-11-18 09:04:49'),
(25, 1, 34, 35, 1, '2014-11-18 09:05:52'),
(26, 1, 36, 37, 2, '2014-11-18 09:07:02'),
(27, 1, 36, 38, 3, '2014-11-18 09:07:09'),
(28, 1, 39, 40, 1, '2014-11-18 09:19:35'),
(29, 1, 41, 40, 1, '2014-11-18 09:19:35'),
(30, 1, 42, 43, 1, '2014-11-18 09:25:59'),
(31, 1, 45, 46, 1, '2014-11-19 08:07:19'),
(32, 1, 45, 47, 1, '2014-11-19 08:07:36'),
(33, 1, 45, 48, 1, '2014-11-19 08:08:15'),
(34, 1, 49, 50, 1, '2014-11-19 08:10:33'),
(35, 1, 51, 52, 1, '2014-11-19 08:11:31'),
(36, 1, 51, 53, 1, '2014-11-19 08:11:40'),
(37, 1, 54, 55, 1, '2014-11-19 08:14:04'),
(39, 1, 60, 55, 1, '2014-11-19 08:14:04'),
(41, 1, 62, 63, 1, '2014-11-19 08:34:57'),
(42, 1, 62, 64, 1, '2014-11-19 08:35:01'),
(44, 1, 65, 66, 1, '2014-11-19 08:46:54'),
(45, 1, 67, 68, 1, '2014-11-19 08:48:27'),
(46, 1, 69, 70, 1, '2014-11-19 08:50:18'),
(47, 1, 69, 71, 1, '2014-11-19 08:50:39'),
(48, 1, 69, 72, 1, '2014-11-19 08:50:54'),
(49, 1, 73, 74, 1, '2014-11-19 08:53:16'),
(50, 1, 75, 76, 1, '2014-11-19 09:18:53'),
(51, 1, 75, 77, 1, '2014-11-19 09:19:00'),
(52, 1, 78, 79, 2, '2014-11-19 09:21:10'),
(53, 1, 78, 80, 2, '2014-11-19 09:21:16'),
(54, 1, 78, 81, 2, '2014-11-19 09:21:19'),
(55, 1, 82, 83, 1, '2014-11-19 09:32:28'),
(57, 1, 82, 84, 1, '2014-11-19 09:32:44'),
(58, 1, 85, 86, 1, '2014-11-19 09:34:45'),
(59, 1, 85, 87, 1, '2014-11-19 09:34:54'),
(60, 1, 88, 89, 1, '2014-11-19 09:36:07'),
(61, 1, 90, 91, 1, '2014-11-19 14:28:12'),
(62, 1, 92, 93, 1, '2014-11-19 14:30:50'),
(63, 1, 92, 94, 1, '2014-11-19 14:30:56'),
(64, 1, 92, 95, 1, '2014-11-19 14:31:05'),
(65, 1, 96, 97, 1, '2014-11-19 14:33:05'),
(66, 1, 98, 99, 1, '2014-11-19 14:34:21'),
(67, 1, 100, 101, 1, '2014-11-19 14:35:59'),
(68, 1, 102, 103, 1, '2014-11-19 14:36:40'),
(69, 1, 104, 105, 1, '2014-11-19 14:38:04'),
(70, 1, 106, 107, 1, '2014-11-19 14:38:44'),
(71, 1, 108, 109, 1, '2014-11-19 14:39:22'),
(72, 1, 110, 111, 1, '2014-11-19 14:42:53'),
(73, 1, 112, 113, 1, '2014-11-19 14:47:23'),
(74, 1, 114, 115, 1, '2014-11-19 15:02:18'),
(75, 1, 116, 117, 1, '2014-11-19 15:03:19'),
(76, 1, 116, 118, 1, '2014-11-19 15:03:25'),
(77, 1, 119, 120, 1, '2014-11-19 15:05:36'),
(78, 1, 119, 121, 1, '2014-11-19 15:05:45'),
(79, 1, 122, 123, 1, '2014-11-19 15:10:20'),
(84, 1, 124, 125, 1, '2014-11-20 12:31:09'),
(85, 1, 124, 126, 1, '2014-11-20 12:31:11'),
(86, 1, 127, 128, 1, '2014-11-20 12:33:26'),
(87, 1, 129, 130, 1, '2014-11-20 12:34:39'),
(88, 1, 129, 131, 1, '2014-11-20 12:34:41'),
(89, 1, 132, 133, 1, '2014-11-20 12:36:41'),
(90, 1, 134, 135, 1, '2014-11-20 12:38:36'),
(91, 1, 136, 137, 1, '2014-11-20 12:39:26'),
(92, 1, 138, 139, 1, '2014-11-20 12:40:05'),
(93, 1, 140, 141, 1, '2014-11-20 12:40:53'),
(94, 1, 140, 142, 1, '2014-11-20 12:40:56'),
(95, 1, 143, 144, 1, '2014-11-20 12:41:38'),
(96, 1, 143, 145, 1, '2014-11-20 12:41:41'),
(97, 1, 146, 147, 1, '2014-11-20 12:42:09'),
(98, 1, 148, 149, 1, '2014-11-20 12:43:18'),
(99, 1, 150, 151, 1, '2014-11-20 12:44:03'),
(100, 1, 152, 153, 1, '2014-11-20 12:47:20'),
(101, 1, 154, 155, 1, '2014-11-20 12:47:59'),
(102, 1, 156, 157, 1, '2014-11-20 12:49:02'),
(103, 1, 158, 159, 1, '2014-11-20 12:50:31'),
(105, 1, 160, 161, 1, '2014-11-20 12:53:27'),
(106, 1, 160, 162, 1, '2014-11-20 12:53:31'),
(107, 1, 163, 164, 1, '2014-11-20 12:54:48'),
(108, 1, 165, 166, 1, '2014-11-20 12:57:26'),
(109, 1, 167, 168, 1, '2014-11-20 12:58:24'),
(110, 1, 169, 170, 1, '2014-11-20 13:00:43'),
(111, 1, 171, 172, 1, '2014-11-20 13:02:39'),
(112, 1, 173, 174, 1, '2014-11-20 13:04:11'),
(113, 1, 173, 175, 1, '2014-11-20 13:04:14'),
(114, 1, 173, 176, 1, '2014-11-20 13:04:16'),
(115, 1, 177, 178, 2, '2014-11-20 13:05:45'),
(116, 1, 177, 179, 1, '2014-11-20 13:05:48'),
(117, 1, 177, 180, 1, '2014-11-20 13:05:51'),
(118, 1, 177, 181, 1, '2014-11-20 13:05:55'),
(119, 1, 182, 183, 1, '2014-11-20 13:06:52'),
(120, 1, 184, 185, 1, '2014-11-20 13:08:03'),
(121, 1, 186, 187, 1, '2014-11-20 13:08:55'),
(122, 1, 188, 189, 1, '2014-11-20 13:10:54'),
(123, 1, 188, 190, 1, '2014-11-20 13:10:57'),
(125, 1, 191, 192, 1, '2014-11-20 13:12:05'),
(126, 1, 191, 193, 1, '2014-11-20 13:12:08'),
(128, 1, 194, 195, 1, '2014-11-20 13:13:14'),
(129, 1, 196, 197, 1, '2014-11-20 13:14:19'),
(130, 1, 198, 199, 1, '2014-11-20 13:15:02'),
(132, 1, 198, 200, 1, '2014-11-20 13:15:26'),
(133, 1, 198, 201, 1, '2014-11-20 13:15:50'),
(134, 1, 203, 204, 1, '2014-11-20 13:18:09'),
(135, 1, 203, 205, 2, '2014-11-20 13:18:15'),
(136, 1, 206, 207, 1, '2014-11-20 13:19:29'),
(137, 1, 208, 209, 1, '2014-11-20 13:20:16'),
(138, 1, 210, 211, 1, '2014-11-20 13:20:49'),
(139, 1, 212, 213, 1, '2014-11-20 13:23:24'),
(140, 1, 214, 215, 1, '2014-11-20 13:24:27'),
(141, 1, 216, 217, 1, '2014-11-20 13:25:20'),
(142, 1, 216, 218, 1, '2014-11-20 13:25:23'),
(143, 1, 219, 220, 2, '2014-11-20 13:26:49'),
(145, 1, 219, 221, 2, '2014-11-20 13:26:56'),
(146, 1, 219, 222, 2, '2014-11-20 13:26:59'),
(147, 1, 223, 224, 1, '2014-11-21 02:39:21'),
(148, 1, 227, 19, 2, '2014-11-21 02:41:58'),
(149, 1, 227, 228, 1, '2014-11-21 02:43:03'),
(150, 1, 227, 229, 1, '2014-11-21 02:43:05'),
(151, 1, 230, 231, 1, '2014-11-21 03:10:26'),
(152, 1, 230, 232, 1, '2014-11-21 03:10:30'),
(153, 1, 230, 233, 1, '2014-11-21 03:10:34'),
(154, 1, 234, 55, 1, '2014-11-21 03:15:13'),
(155, 1, 236, 237, 1, '2014-11-21 03:16:13'),
(156, 1, 238, 239, 1, '2014-11-21 03:20:19'),
(157, 1, 238, 240, 1, '2014-11-21 03:20:21'),
(158, 1, 238, 241, 1, '2014-11-21 03:20:26'),
(159, 1, 242, 243, 2, '2014-11-21 03:22:04'),
(160, 1, 242, 244, 2, '2014-11-21 03:22:08'),
(161, 1, 242, 245, 2, '2014-11-21 03:22:12'),
(162, 1, 242, 246, 1, '2014-11-21 03:22:15'),
(163, 1, 247, 248, 1, '2014-11-21 03:24:28'),
(164, 1, 247, 249, 1, '2014-11-21 03:24:31'),
(165, 1, 250, 251, 1, '2014-11-21 03:25:30'),
(166, 1, 252, 253, 1, '2014-11-21 03:26:51'),
(167, 1, 252, 254, 1, '2014-11-21 03:26:55'),
(168, 1, 252, 255, 1, '2014-11-21 03:26:59'),
(169, 1, 256, 257, 1, '2014-11-21 03:28:39'),
(170, 1, 256, 258, 1, '2014-11-21 03:28:42'),
(171, 1, 256, 259, 1, '2014-11-21 03:28:45'),
(172, 1, 260, 261, 1, '2014-11-21 03:33:55'),
(173, 1, 260, 262, 1, '2014-11-21 03:33:57'),
(174, 1, 263, 264, 1, '2014-11-21 04:14:21'),
(175, 1, 265, 264, 1, '2014-11-21 04:14:54'),
(176, 1, 266, 267, 1, '2014-11-21 04:59:24'),
(177, 1, 268, 269, 1, '2014-11-21 05:00:18'),
(178, 1, 270, 271, 1, '2014-11-21 05:01:02'),
(179, 1, 270, 272, 1, '2014-11-21 05:01:04'),
(180, 1, 273, 274, 1, '2014-11-21 05:01:52'),
(181, 1, 273, 275, 2, '2014-11-21 05:01:54'),
(182, 1, 273, 276, 1, '2014-11-21 05:01:57'),
(183, 1, 277, 278, 1, '2014-11-21 05:02:42'),
(184, 1, 279, 281, 1, '2014-11-21 05:04:26'),
(185, 1, 279, 282, 1, '2014-11-21 05:04:28'),
(186, 1, 280, 281, 1, '2014-11-21 05:05:00'),
(187, 1, 280, 282, 1, '2014-11-21 05:05:08'),
(188, 1, 283, 284, 1, '2014-11-21 05:07:02'),
(189, 1, 283, 285, 1, '2014-11-21 05:07:53'),
(190, 1, 286, 287, 1, '2014-11-21 05:11:24'),
(191, 1, 286, 288, 1, '2014-11-21 05:11:30'),
(192, 1, 286, 289, 1, '2014-11-21 05:11:37'),
(193, 1, 286, 290, 1, '2014-11-21 05:11:41'),
(194, 1, 291, 292, 1, '2014-11-21 05:12:38'),
(195, 1, 293, 294, 1, '2014-11-22 05:15:17'),
(196, 1, 293, 295, 1, '2014-11-22 05:15:30'),
(197, 1, 293, 296, 1, '2014-11-22 05:15:41'),
(198, 1, 297, 298, 1, '2014-11-22 05:16:40'),
(199, 1, 299, 298, 1, '2014-11-22 05:17:02'),
(200, 1, 300, 301, 1, '2014-11-22 05:17:44'),
(201, 1, 302, 303, 1, '2014-11-22 05:19:17'),
(202, 1, 302, 304, 1, '2014-11-22 05:19:26'),
(203, 1, 305, 306, 2, '2014-11-22 05:28:58'),
(204, 1, 307, 308, 1, '2014-11-22 05:30:12'),
(205, 1, 307, 309, 1, '2014-11-22 05:30:14'),
(206, 1, 310, 311, 1, '2014-11-22 05:31:49'),
(207, 1, 310, 312, 1, '2014-11-22 05:31:56'),
(208, 1, 310, 313, 1, '2014-11-22 05:31:59'),
(209, 1, 314, 315, 1, '2014-11-22 05:33:19'),
(210, 1, 314, 316, 1, '2014-11-22 05:33:22'),
(211, 1, 314, 317, 1, '2014-11-22 05:33:25'),
(212, 1, 318, 319, 1, '2014-11-22 05:34:18'),
(213, 1, 321, 322, 1, '2014-11-22 05:35:52'),
(214, 1, 323, 324, 1, '2014-11-22 05:36:59'),
(215, 1, 323, 325, 1, '2014-11-22 05:37:01'),
(216, 1, 326, 327, 1, '2014-11-22 05:38:05'),
(217, 1, 328, 329, 1, '2014-11-22 05:39:24'),
(218, 1, 330, 331, 1, '2014-11-22 05:39:54'),
(219, 1, 332, 333, 1, '2014-11-22 05:40:37'),
(220, 1, 334, 335, 1, '2014-11-22 05:41:30'),
(221, 1, 336, 337, 1, '2014-11-22 05:42:46'),
(222, 1, 336, 338, 1, '2014-11-22 05:42:48'),
(223, 1, 339, 340, 1, '2014-11-22 05:43:30'),
(224, 1, 341, 342, 1, '2014-11-22 06:10:31'),
(225, 1, 343, 344, 1, '2014-11-22 06:12:28'),
(226, 1, 345, 346, 2, '2014-11-22 06:13:36'),
(227, 1, 345, 347, 1, '2014-11-22 06:13:38'),
(228, 1, 345, 348, 1, '2014-11-22 06:13:41'),
(229, 1, 349, 350, 1, '2014-11-22 06:14:42'),
(230, 1, 349, 351, 1, '2014-11-22 06:14:44'),
(231, 1, 352, 353, 1, '2014-11-22 06:15:31'),
(232, 1, 354, 355, 1, '2014-11-22 06:16:56'),
(233, 1, 356, 357, 1, '2014-11-22 06:34:58'),
(234, 1, 356, 358, 1, '2014-11-22 06:35:00'),
(235, 1, 359, 360, 1, '2014-11-22 06:36:25'),
(236, 1, 361, 362, 1, '2014-11-22 06:37:21'),
(237, 1, 361, 363, 1, '2014-11-22 06:37:37'),
(238, 1, 361, 364, 1, '2014-11-22 06:37:39'),
(239, 1, 365, 366, 1, '2014-11-22 06:38:26'),
(240, 1, 367, 368, 1, '2014-11-22 06:40:20'),
(241, 1, 369, 370, 1, '2014-11-22 06:41:27'),
(242, 1, 371, 372, 2, '2014-11-22 06:47:27'),
(243, 1, 373, 374, 1, '2014-11-22 06:47:36'),
(244, 1, 375, 376, 1, '2014-11-23 02:39:46'),
(245, 1, 375, 377, 1, '2014-11-23 02:39:48'),
(246, 1, 378, 379, 1, '2014-11-23 02:40:29'),
(247, 1, 380, 381, 1, '2014-11-23 02:41:15'),
(248, 1, 380, 382, 1, '2014-11-23 02:41:17'),
(249, 1, 383, 384, 1, '2014-11-23 02:44:33'),
(250, 1, 385, 386, 2, '2014-11-23 02:44:37'),
(251, 1, 387, 388, 2, '2014-11-23 02:46:45'),
(252, 1, 387, 389, 2, '2014-11-23 02:46:49'),
(253, 1, 390, 285, 1, '2014-11-23 02:48:42'),
(254, 1, 392, 393, 1, '2014-11-23 02:49:45'),
(255, 1, 392, 394, 1, '2014-11-23 02:49:48'),
(256, 1, 392, 395, 1, '2014-11-23 02:49:50'),
(257, 1, 396, 397, 1, '2014-11-23 02:50:52'),
(258, 1, 398, 399, 1, '2014-11-23 03:03:15'),
(259, 1, 400, 401, 1, '2014-11-23 03:04:08'),
(260, 1, 402, 403, 2, '2014-11-23 03:04:49'),
(261, 1, 404, 405, 1, '2014-11-23 03:06:50'),
(262, 1, 404, 406, 1, '2014-11-23 03:06:52'),
(263, 1, 407, 408, 1, '2014-11-23 03:11:03'),
(264, 1, 409, 224, 1, '2014-11-23 03:12:25'),
(265, 1, 411, 412, 1, '2014-11-23 04:31:26'),
(266, 1, 413, 414, 2, '2014-11-23 04:32:38'),
(267, 1, 415, 17, 1, '2014-11-23 04:36:40'),
(269, 1, 417, 418, 1, '2014-11-23 04:38:30'),
(270, 1, 419, 420, 1, '2014-11-23 04:39:59'),
(271, 1, 421, 422, 1, '2014-11-23 04:40:55'),
(272, 1, 423, 424, 1, '2014-11-23 04:41:25'),
(273, 1, 425, 426, 1, '2014-11-23 04:42:16'),
(274, 1, 427, 428, 1, '2014-11-23 04:42:58'),
(275, 1, 429, 430, 1, '2014-11-23 04:43:58'),
(276, 1, 431, 432, 1, '2014-11-23 04:44:23'),
(278, 1, 433, 435, 1, '2014-11-23 04:46:51'),
(280, 1, 437, 438, 1, '2014-11-23 04:48:19'),
(281, 1, 437, 68, 1, '2014-11-23 04:48:25'),
(282, 1, 440, 442, 1, '2014-11-23 04:51:40'),
(283, 1, 440, 399, 1, '2014-11-23 04:51:47'),
(284, 1, 443, 444, 1, '2014-11-23 04:53:38'),
(285, 1, 445, 446, 1, '2014-11-23 04:55:03'),
(286, 1, 445, 447, 1, '2014-11-23 04:55:24'),
(287, 1, 448, 79, 2, '2014-11-23 04:58:47'),
(290, 1, 453, 454, 2, '2014-11-23 05:04:31'),
(291, 1, 455, 456, 1, '2014-11-23 05:10:02'),
(292, 1, 457, 458, 1, '2014-11-23 05:14:08'),
(293, 1, 459, 460, 1, '2014-11-25 07:37:53'),
(294, 1, 461, 462, 1, '2014-11-25 07:40:43'),
(295, 1, 463, 464, 1, '2014-11-25 07:42:12'),
(296, 1, 465, 466, 2, '2014-11-25 07:43:03'),
(297, 1, 467, 468, 1, '2014-11-25 07:43:29'),
(298, 1, 469, 470, 3, '2014-11-25 07:45:37'),
(299, 1, 469, 471, 3, '2014-11-25 07:45:39'),
(300, 1, 472, 464, 2, '2014-11-25 07:47:29'),
(301, 1, 474, 475, 1, '2014-11-25 07:49:30'),
(302, 1, 476, 477, 1, '2014-11-25 07:49:37'),
(303, 1, 478, 479, 1, '2014-11-25 07:52:20'),
(304, 1, 480, 481, 1, '2014-11-25 07:52:51'),
(305, 1, 482, 483, 1, '2014-11-25 07:53:49'),
(306, 1, 482, 484, 1, '2014-11-25 07:53:53'),
(307, 1, 485, 486, 1, '2014-11-25 07:55:13'),
(308, 1, 487, 488, 1, '2014-11-25 07:57:14'),
(309, 1, 487, 489, 1, '2014-11-25 07:57:16'),
(310, 1, 490, 491, 1, '2014-11-25 07:57:25'),
(312, 1, 492, 493, 1, '2014-11-25 07:58:23'),
(313, 1, 494, 495, 1, '2014-11-25 08:06:39'),
(315, 1, 494, 496, 1, '2014-11-25 08:07:40'),
(316, 1, 497, 342, 1, '2014-11-25 08:08:37'),
(317, 1, 499, 500, 1, '2014-11-25 08:13:02'),
(318, 1, 501, 502, 1, '2014-11-25 08:13:42'),
(319, 1, 503, 504, 1, '2014-11-25 08:15:18'),
(320, 1, 503, 505, 1, '2014-11-25 08:15:23'),
(321, 1, 506, 507, 1, '2014-11-25 08:20:31'),
(322, 1, 506, 508, 1, '2014-11-25 08:20:39'),
(323, 1, 506, 509, 1, '2014-11-25 08:20:41'),
(324, 1, 510, 511, 1, '2014-11-25 08:21:14'),
(325, 1, 512, 513, 2, '2014-11-25 08:21:52'),
(326, 1, 514, 515, 1, '2014-11-25 08:23:14'),
(327, 1, 516, 25, 1, '2014-11-25 08:24:23'),
(328, 1, 518, 521, 1, '2014-11-25 10:21:55'),
(329, 1, 519, 522, 1, '2014-11-25 10:22:04'),
(330, 1, 520, 523, 1, '2014-11-25 10:22:10'),
(331, 1, 524, 525, 1, '2014-11-25 10:23:32'),
(332, 1, 526, 527, 1, '2014-11-25 10:24:34'),
(333, 1, 526, 528, 1, '2014-11-25 10:24:37'),
(334, 1, 529, 530, 1, '2014-11-25 10:27:04'),
(335, 1, 531, 532, 1, '2014-11-25 10:27:56'),
(336, 1, 533, 534, 1, '2014-11-25 10:29:10'),
(337, 1, 533, 535, 1, '2014-11-25 10:29:12'),
(338, 1, 536, 537, 1, '2014-11-25 10:30:21'),
(339, 1, 538, 539, 1, '2014-11-25 10:33:38'),
(341, 1, 540, 541, 1, '2014-11-25 10:35:38'),
(342, 1, 540, 542, 1, '2014-11-25 10:35:40'),
(343, 1, 543, 544, 1, '2014-11-25 10:36:49'),
(344, 1, 543, 545, 1, '2014-11-25 10:36:51'),
(345, 1, 543, 546, 1, '2014-11-25 10:36:54'),
(346, 1, 547, 548, 1, '2014-11-25 10:37:50'),
(347, 1, 547, 549, 1, '2014-11-25 10:37:51'),
(348, 1, 550, 551, 1, '2014-11-25 10:38:26'),
(349, 1, 552, 553, 1, '2014-11-25 11:08:53'),
(350, 1, 554, 555, 1, '2014-11-25 11:09:43'),
(351, 1, 557, 558, 1, '2014-11-25 11:24:48'),
(352, 1, 559, 560, 1, '2014-11-25 11:25:38'),
(353, 1, 561, 562, 1, '2014-11-25 11:26:26'),
(354, 1, 564, 565, 1, '2014-11-25 11:27:20'),
(355, 1, 566, 567, 1, '2014-11-25 11:28:16'),
(356, 1, 566, 568, 1, '2014-11-25 11:28:18'),
(359, 1, 573, 574, 1, '2014-11-25 11:30:26'),
(360, 1, 573, 575, 1, '2014-11-25 11:30:29'),
(361, 1, 573, 576, 1, '2014-11-25 11:30:30'),
(362, 1, 577, 578, 1, '2014-11-25 11:31:09'),
(363, 1, 579, 580, 1, '2014-11-25 11:32:04'),
(364, 1, 579, 581, 1, '2014-11-25 11:32:06'),
(365, 1, 579, 582, 1, '2014-11-25 11:32:10'),
(366, 1, 583, 584, 1, '2014-12-04 10:58:05'),
(367, 1, 585, 586, 1, '2014-12-04 10:59:49'),
(368, 1, 587, 588, 1, '2014-12-04 11:01:26'),
(369, 1, 589, 590, 1, '2014-12-04 11:04:21'),
(370, 1, 591, 592, 1, '2014-12-04 11:07:00'),
(371, 1, 595, 597, 1, '2014-12-04 11:28:14'),
(372, 1, 595, 596, 1, '2014-12-04 11:28:17'),
(373, 1, 598, 599, 1, '2014-12-04 11:29:18'),
(374, 1, 600, 312, 1, '2014-12-04 11:31:30'),
(375, 1, 602, 603, 1, '2014-12-04 11:34:06'),
(376, 1, 604, 603, 1, '2014-12-04 11:34:59'),
(377, 1, 607, 609, 2, '2014-12-04 11:40:15'),
(378, 1, 608, 609, 1, '2014-12-04 11:40:20'),
(379, 1, 569, 570, 1, '2014-12-04 11:43:06'),
(380, 1, 569, 571, 1, '2014-12-04 11:43:08'),
(381, 1, 569, 572, 1, '2014-12-04 11:43:12'),
(382, 1, 610, 611, 1, '2014-12-04 11:46:33'),
(383, 1, 612, 613, 1, '2014-12-04 11:51:55'),
(384, 1, 614, 615, 1, '2014-12-05 08:11:59'),
(385, 1, 616, 617, 1, '2014-12-05 08:13:14'),
(386, 1, 616, 618, 1, '2014-12-05 08:13:17'),
(387, 1, 619, 620, 1, '2014-12-05 08:13:55'),
(388, 1, 619, 621, 1, '2014-12-05 08:13:56'),
(389, 1, 622, 623, 1, '2014-12-05 08:15:01'),
(390, 1, 622, 624, 1, '2014-12-05 08:15:04'),
(391, 1, 625, 626, 1, '2014-12-05 08:15:39'),
(392, 1, 627, 628, 1, '2014-12-05 08:16:04'),
(393, 1, 629, 630, 1, '2014-12-05 08:17:29'),
(394, 1, 631, 632, 1, '2014-12-05 08:18:51'),
(395, 1, 633, 634, 1, '2014-12-05 08:19:21'),
(396, 1, 635, 636, 1, '2014-12-05 08:20:22'),
(397, 1, 635, 637, 1, '2014-12-05 08:20:24'),
(398, 1, 635, 638, 1, '2014-12-05 08:20:47'),
(399, 1, 640, 641, 1, '2014-12-05 08:23:18'),
(400, 1, 640, 642, 1, '2014-12-05 08:23:19'),
(401, 1, 643, 644, 2, '2014-12-05 08:24:05'),
(402, 1, 645, 646, 1, '2014-12-05 08:24:50'),
(403, 1, 647, 648, 1, '2014-12-05 08:25:10'),
(404, 1, 649, 650, 1, '2014-12-05 08:27:35'),
(405, 1, 649, 651, 1, '2014-12-05 08:27:37'),
(406, 1, 652, 653, 1, '2014-12-05 08:28:50'),
(407, 1, 652, 654, 1, '2014-12-05 08:28:54'),
(408, 1, 652, 655, 1, '2014-12-05 08:28:56'),
(409, 1, 656, 657, 1, '2014-12-05 08:30:13'),
(410, 1, 658, 659, 1, '2014-12-05 08:31:14'),
(411, 1, 658, 660, 2, '2014-12-05 08:31:18'),
(412, 1, 658, 661, 1, '2014-12-05 08:31:19'),
(413, 1, 662, 663, 1, '2014-12-05 08:32:18'),
(414, 1, 450, 451, 2, '2014-12-05 08:37:44'),
(415, 1, 450, 452, 2, '2014-12-05 08:37:47'),
(416, 1, 665, 666, 1, '2014-12-05 08:39:20'),
(417, 1, 667, 668, 1, '2014-12-05 08:39:53'),
(418, 1, 669, 670, 1, '2014-12-05 08:40:35'),
(419, 1, 671, 672, 1, '2014-12-05 08:41:16'),
(420, 1, 673, 674, 1, '2014-12-05 08:43:45'),
(421, 1, 673, 675, 1, '2014-12-05 08:43:48'),
(422, 1, 676, 677, 1, '2014-12-06 12:08:07'),
(423, 1, 676, 678, 1, '2014-12-06 12:08:09'),
(424, 1, 679, 680, 1, '2014-12-06 12:09:06'),
(425, 1, 679, 681, 1, '2014-12-06 12:09:09'),
(426, 1, 679, 682, 1, '2014-12-06 12:09:11'),
(427, 1, 683, 684, 1, '2014-12-06 12:09:57'),
(428, 1, 686, 687, 1, '2014-12-06 12:13:50'),
(429, 1, 688, 689, 1, '2014-12-06 12:14:40'),
(430, 1, 690, 691, 1, '2014-12-06 12:16:20'),
(431, 1, 690, 692, 1, '2014-12-06 12:16:35'),
(432, 1, 693, 694, 1, '2014-12-06 12:17:48'),
(433, 1, 695, 696, 1, '2014-12-06 12:19:06'),
(434, 1, 697, 698, 1, '2014-12-06 12:19:30'),
(435, 1, 699, 700, 1, '2014-12-06 12:20:11'),
(437, 1, 701, 702, 1, '2014-12-06 12:21:30'),
(438, 1, 703, 704, 1, '2014-12-06 12:22:04'),
(439, 1, 705, 706, 1, '2014-12-06 12:22:49'),
(440, 1, 707, 708, 1, '2014-12-06 12:24:54'),
(441, 1, 707, 709, 1, '2014-12-06 12:24:56'),
(442, 1, 707, 710, 1, '2014-12-06 12:24:59'),
(443, 1, 711, 712, 1, '2014-12-06 12:25:57'),
(444, 1, 713, 714, 1, '2014-12-06 12:27:31'),
(445, 1, 713, 715, 1, '2014-12-06 12:27:33'),
(446, 1, 713, 716, 1, '2014-12-06 12:27:35'),
(447, 1, 717, 718, 1, '2014-12-06 12:28:51'),
(448, 1, 717, 342, 1, '2014-12-06 12:28:56'),
(449, 1, 720, 722, 1, '2014-12-06 12:30:56'),
(450, 1, 720, 723, 1, '2014-12-06 12:31:00'),
(451, 1, 724, 725, 1, '2014-12-06 12:31:53'),
(452, 1, 726, 727, 2, '2014-12-06 12:33:14'),
(453, 1, 726, 728, 1, '2014-12-06 12:33:16'),
(454, 1, 726, 224, 1, '2014-12-06 12:33:23'),
(455, 1, 731, 732, 1, '2014-12-06 12:35:52'),
(456, 1, 733, 734, 1, '2014-12-06 12:37:13'),
(457, 1, 733, 735, 1, '2014-12-06 12:37:15'),
(458, 1, 736, 737, 2, '2014-12-06 12:37:53'),
(459, 1, 738, 739, 1, '2014-12-06 12:38:32'),
(460, 1, 740, 741, 1, '2014-12-06 12:39:34'),
(461, 1, 740, 742, 1, '2014-12-06 12:39:38'),
(462, 1, 740, 86, 1, '2014-12-06 12:39:41'),
(463, 1, 744, 745, 1, '2014-12-06 12:40:16'),
(464, 1, 744, 746, 1, '2014-12-06 12:40:18'),
(465, 1, 747, 748, 1, '2014-12-06 12:41:21'),
(466, 1, 747, 749, 1, '2014-12-06 12:41:23'),
(467, 1, 751, 752, 1, '2014-12-06 13:46:42'),
(468, 1, 753, 754, 1, '2014-12-06 14:04:40'),
(469, 1, 755, 756, 1, '2014-12-06 14:09:00'),
(470, 1, 755, 757, 1, '2014-12-06 14:09:03'),
(471, 1, 762, 763, 1, '2014-12-06 14:28:17'),
(472, 1, 762, 764, 1, '2014-12-06 14:28:19'),
(473, 1, 762, 765, 1, '2014-12-06 14:28:22'),
(474, 1, 762, 261, 1, '2014-12-06 14:28:49'),
(476, 1, 769, 770, 1, '2014-12-06 14:30:52'),
(477, 1, 771, 772, 1, '2014-12-06 14:31:58'),
(478, 1, 771, 773, 2, '2014-12-06 14:32:00'),
(479, 1, 774, 775, 1, '2014-12-06 14:32:50'),
(480, 1, 774, 776, 1, '2014-12-06 14:32:52'),
(481, 1, 777, 778, 1, '2014-12-06 14:34:07'),
(482, 1, 777, 779, 1, '2014-12-06 14:34:09'),
(483, 1, 780, 781, 1, '2014-12-06 14:35:15'),
(484, 1, 782, 783, 3, '2014-12-06 14:36:06'),
(485, 1, 782, 784, 2, '2014-12-06 14:36:10'),
(486, 1, 785, 786, 1, '2014-12-06 14:37:18'),
(487, 1, 785, 787, 1, '2014-12-06 14:37:20'),
(488, 1, 785, 788, 1, '2014-12-06 14:37:23'),
(489, 1, 789, 790, 1, '2014-12-06 14:41:13'),
(491, 1, 791, 792, 1, '2014-12-06 14:41:49'),
(492, 1, 793, 794, 1, '2014-12-06 14:42:35'),
(493, 1, 795, 768, 1, '2014-12-06 14:44:08'),
(494, 1, 796, 797, 1, '2014-12-06 14:44:48'),
(495, 1, 798, 799, 1, '2014-12-06 14:45:15'),
(496, 1, 800, 801, 1, '2014-12-06 14:51:35'),
(497, 1, 802, 803, 2, '2014-12-06 14:55:17'),
(498, 1, 804, 805, 1, '2014-12-06 15:00:04'),
(499, 1, 806, 807, 1, '2014-12-06 15:01:19'),
(500, 1, 808, 809, 1, '2014-12-06 15:04:35'),
(501, 1, 810, 811, 1, '2014-12-09 08:42:48'),
(502, 1, 810, 812, 1, '2014-12-09 08:42:50'),
(503, 1, 813, 815, 1, '2014-12-09 08:44:21'),
(504, 1, 813, 109, 1, '2014-12-09 08:44:26'),
(505, 1, 816, 817, 1, '2014-12-09 08:45:27'),
(506, 1, 816, 818, 1, '2014-12-09 08:45:31'),
(507, 1, 816, 819, 1, '2014-12-09 08:45:35'),
(508, 1, 820, 821, 1, '2014-12-09 08:47:28'),
(509, 1, 822, 823, 1, '2014-12-09 08:48:11'),
(510, 1, 822, 824, 1, '2014-12-09 08:48:13'),
(511, 1, 825, 826, 1, '2014-12-09 08:48:55'),
(512, 1, 825, 827, 1, '2014-12-09 08:48:57'),
(513, 1, 828, 829, 1, '2014-12-09 08:50:32'),
(514, 1, 828, 830, 1, '2014-12-09 08:50:35'),
(515, 1, 831, 746, 1, '2014-12-09 08:51:36'),
(516, 1, 833, 834, 1, '2014-12-09 08:52:17'),
(517, 1, 835, 836, 1, '2014-12-09 08:52:46'),
(518, 1, 837, 839, 1, '2014-12-09 08:54:39'),
(519, 1, 837, 840, 1, '2014-12-09 08:54:42'),
(520, 1, 837, 118, 1, '2014-12-09 08:54:45'),
(521, 1, 841, 842, 1, '2014-12-09 08:57:48'),
(522, 1, 843, 844, 1, '2014-12-09 08:58:27'),
(523, 1, 845, 846, 2, '2014-12-09 08:59:23'),
(524, 1, 845, 847, 1, '2014-12-09 08:59:25'),
(525, 1, 848, 849, 1, '2014-12-09 09:00:31'),
(526, 1, 848, 850, 1, '2014-12-09 09:00:33'),
(527, 1, 851, 852, 1, '2014-12-09 09:01:53'),
(528, 1, 767, 768, 1, '2014-12-09 09:04:38'),
(529, 1, 767, 854, 1, '2014-12-09 09:04:44'),
(530, 1, 855, 858, 1, '2014-12-09 09:06:52'),
(531, 1, 855, 862, 1, '2014-12-09 09:07:02'),
(532, 1, 856, 858, 1, '2014-12-09 09:07:13'),
(533, 1, 856, 859, 1, '2014-12-09 09:07:17'),
(534, 1, 856, 860, 1, '2014-12-09 09:07:21'),
(535, 1, 856, 861, 1, '2014-12-09 09:07:26'),
(536, 1, 856, 118, 1, '2014-12-09 09:07:30'),
(537, 1, 863, 864, 1, '2014-12-09 09:08:44'),
(538, 1, 863, 865, 1, '2014-12-09 09:08:47'),
(539, 1, 863, 866, 1, '2014-12-09 09:08:49'),
(540, 1, 868, 867, 1, '2014-12-09 09:10:19'),
(541, 1, 869, 870, 1, '2014-12-09 09:11:45'),
(542, 1, 869, 872, 1, '2014-12-09 09:11:47'),
(543, 1, 869, 749, 1, '2014-12-09 09:11:53'),
(544, 1, 873, 875, 1, '2014-12-09 09:13:55'),
(545, 1, 873, 876, 1, '2014-12-09 09:13:59'),
(546, 1, 877, 878, 1, '2014-12-09 09:14:09'),
(547, 1, 877, 879, 1, '2014-12-09 09:14:12'),
(548, 1, 873, 748, 1, '2014-12-09 09:14:18'),
(549, 1, 880, 881, 1, '2014-12-09 09:15:39'),
(550, 1, 880, 882, 2, '2014-12-09 09:15:42'),
(551, 1, 884, 885, 2, '2014-12-09 09:17:39'),
(552, 1, 884, 886, 1, '2014-12-09 09:17:42'),
(553, 1, 887, 888, 1, '2014-12-09 09:18:51'),
(554, 1, 887, 889, 1, '2014-12-09 09:18:53'),
(555, 1, 890, 891, 1, '2014-12-09 10:15:47'),
(556, 1, 890, 892, 1, '2014-12-09 10:15:51'),
(557, 1, 893, 894, 1, '2014-12-09 10:16:30'),
(558, 1, 895, 896, 1, '2014-12-09 10:18:33'),
(559, 1, 895, 898, 1, '2014-12-09 10:18:36'),
(560, 1, 895, 899, 1, '2014-12-09 10:18:38'),
(561, 1, 895, 243, 1, '2014-12-09 10:18:41'),
(562, 1, 900, 901, 1, '2014-12-09 10:19:51'),
(563, 1, 902, 245, 2, '2014-12-09 10:21:59'),
(564, 1, 904, 905, 1, '2014-12-09 10:23:12'),
(565, 1, 904, 906, 1, '2014-12-09 10:23:14'),
(566, 1, 904, 907, 1, '2014-12-09 10:23:17'),
(567, 1, 908, 909, 1, '2014-12-09 10:24:31'),
(568, 1, 908, 910, 1, '2014-12-09 10:24:34'),
(569, 1, 908, 911, 1, '2014-12-09 10:24:35'),
(570, 1, 912, 913, 1, '2014-12-09 10:26:27'),
(571, 1, 912, 914, 1, '2014-12-09 10:26:29'),
(572, 1, 915, 916, 1, '2014-12-09 10:30:33'),
(573, 1, 915, 917, 1, '2014-12-09 10:30:40'),
(574, 1, 915, 918, 1, '2014-12-09 10:30:42'),
(575, 1, 920, 922, 2, '2014-12-09 10:34:01'),
(576, 1, 920, 923, 2, '2014-12-09 10:34:05'),
(577, 1, 920, 924, 2, '2014-12-09 10:34:07'),
(578, 1, 920, 342, 1, '2014-12-09 10:34:11'),
(579, 1, 925, 926, 1, '2014-12-09 10:37:11'),
(580, 1, 927, 928, 1, '2014-12-09 10:39:34'),
(581, 1, 927, 929, 1, '2014-12-09 10:39:37'),
(582, 1, 930, 931, 1, '2014-12-09 13:20:23'),
(583, 1, 930, 932, 1, '2014-12-09 13:20:24'),
(584, 1, 933, 934, 1, '2014-12-09 13:21:24'),
(585, 1, 935, 936, 1, '2014-12-09 13:22:43'),
(586, 1, 935, 937, 1, '2014-12-09 13:22:47'),
(587, 1, 938, 939, 1, '2014-12-09 13:39:19'),
(588, 1, 938, 940, 1, '2014-12-09 13:39:22'),
(589, 1, 941, 942, 1, '2014-12-09 13:41:28'),
(590, 1, 946, 947, 2, '2014-12-09 13:50:26'),
(591, 1, 948, 949, 2, '2014-12-09 13:51:32'),
(592, 1, 950, 951, 2, '2014-12-09 13:52:27'),
(593, 1, 952, 953, 2, '2014-12-09 13:53:30'),
(594, 1, 952, 954, 1, '2014-12-09 13:53:32'),
(595, 1, 955, 957, 1, '2014-12-09 13:55:55'),
(596, 1, 955, 432, 1, '2014-12-09 13:55:59'),
(597, 1, 958, 959, 1, '2014-12-09 13:57:32'),
(598, 1, 958, 960, 1, '2014-12-09 13:57:35'),
(599, 1, 961, 962, 2, '2014-12-09 13:58:49'),
(600, 1, 961, 964, 2, '2014-12-09 13:58:51'),
(601, 1, 961, 464, 2, '2014-12-09 13:58:55'),
(602, 1, 965, 966, 2, '2014-12-09 13:59:56'),
(603, 1, 965, 967, 2, '2014-12-09 13:59:58'),
(604, 1, 965, 962, 2, '2014-12-09 14:00:03'),
(605, 1, 968, 969, 1, '2014-12-11 11:54:55'),
(606, 1, 970, 971, 1, '2014-12-11 11:56:11'),
(607, 1, 970, 972, 1, '2014-12-11 11:56:25'),
(608, 1, 970, 973, 1, '2014-12-11 11:56:40'),
(609, 1, 974, 975, 1, '2014-12-11 12:41:25'),
(610, 1, 976, 977, 1, '2014-12-11 12:42:50'),
(611, 1, 978, 979, 1, '2014-12-11 12:43:19'),
(612, 1, 978, 980, 1, '2014-12-11 12:43:34'),
(613, 1, 981, 972, 1, '2014-12-11 12:44:23'),
(614, 1, 981, 982, 1, '2014-12-11 12:44:36'),
(615, 1, 981, 983, 1, '2014-12-11 12:44:45'),
(616, 1, 984, 985, 1, '2014-12-11 12:45:37'),
(617, 1, 986, 987, 1, '2014-12-11 12:46:29'),
(618, 1, 988, 989, 1, '2014-12-11 12:46:56'),
(619, 1, 988, 990, 1, '2014-12-11 12:47:08'),
(620, 1, 991, 992, 1, '2014-12-11 12:47:33'),
(621, 1, 993, 994, 1, '2014-12-11 12:52:04'),
(622, 1, 993, 995, 1, '2014-12-11 12:53:54'),
(623, 1, 996, 997, 1, '2014-12-11 12:54:17'),
(624, 1, 998, 999, 1, '2014-12-11 12:54:43'),
(625, 1, 998, 1000, 1, '2014-12-11 12:54:57'),
(626, 1, 1001, 1002, 1, '2014-12-11 12:55:11'),
(627, 1, 1003, 1004, 2, '2014-12-11 12:55:33'),
(628, 1, 1003, 1005, 1, '2014-12-11 12:55:42'),
(629, 1, 1006, 1007, 1, '2014-12-11 12:56:02'),
(630, 1, 1006, 1008, 1, '2014-12-11 12:56:08'),
(631, 1, 1009, 1010, 1, '2014-12-11 12:59:57'),
(632, 1, 1009, 1011, 1, '2014-12-11 13:00:06'),
(633, 1, 1009, 1012, 1, '2014-12-11 13:00:52'),
(634, 1, 1013, 1014, 1, '2014-12-11 13:01:50'),
(635, 1, 1013, 1015, 1, '2014-12-11 13:02:00'),
(636, 1, 1016, 1017, 1, '2014-12-11 13:02:52'),
(637, 1, 1016, 584, 1, '2014-12-11 13:03:04'),
(638, 1, 1016, 1018, 1, '2014-12-11 13:03:07'),
(639, 1, 1019, 584, 1, '2014-12-11 13:04:51'),
(640, 1, 1020, 1021, 1, '2014-12-11 13:05:41'),
(641, 1, 1020, 1022, 1, '2014-12-11 13:05:45'),
(642, 1, 1023, 394, 1, '2014-12-11 13:06:25'),
(643, 1, 1024, 1025, 1, '2014-12-11 13:06:52'),
(644, 1, 1024, 1026, 1, '2014-12-11 13:06:59'),
(645, 1, 1027, 1028, 1, '2014-12-11 13:07:25'),
(646, 1, 1027, 1029, 1, '2014-12-11 13:07:42'),
(647, 1, 1030, 1031, 1, '2014-12-11 13:08:18'),
(648, 1, 1032, 1033, 1, '2014-12-11 13:11:23'),
(649, 1, 1034, 1035, 1, '2014-12-11 13:11:46'),
(650, 1, 1036, 1037, 1, '2014-12-11 13:12:02'),
(651, 1, 1036, 1038, 1, '2014-12-11 13:12:06'),
(652, 1, 1036, 1039, 1, '2014-12-11 13:12:09'),
(653, 1, 1036, 1040, 1, '2014-12-11 13:12:16'),
(654, 1, 1041, 1042, 1, '2014-12-11 13:12:53'),
(655, 1, 1043, 1044, 1, '2014-12-11 13:17:12'),
(656, 1, 1045, 1046, 1, '2014-12-11 13:17:37'),
(657, 1, 1047, 1048, 1, '2014-12-11 13:18:12'),
(658, 1, 1047, 1049, 1, '2014-12-11 13:18:19'),
(659, 1, 1050, 1051, 1, '2014-12-11 13:18:37'),
(660, 1, 1050, 636, 1, '2014-12-11 13:18:40'),
(661, 1, 1050, 1052, 1, '2014-12-11 13:18:51'),
(662, 1, 1053, 458, 1, '2014-12-11 13:19:13'),
(663, 1, 1054, 1055, 1, '2014-12-11 13:19:35'),
(664, 1, 1054, 1056, 1, '2014-12-11 13:19:46'),
(665, 1, 1057, 1058, 1, '2014-12-11 13:19:58'),
(666, 1, 1059, 1060, 1, '2014-12-11 13:20:22'),
(667, 1, 1061, 1062, 1, '2014-12-11 13:20:47'),
(668, 1, 1063, 458, 1, '2014-12-11 13:21:17'),
(669, 1, 419, 1064, 1, '2014-12-11 13:22:27'),
(670, 1, 1065, 204, 1, '2014-12-11 13:22:58'),
(672, 1, 1066, 565, 1, '2014-12-11 13:23:33'),
(673, 1, 1066, 1067, 1, '2014-12-11 13:23:35'),
(674, 1, 1068, 1069, 1, '2014-12-11 13:24:38'),
(675, 1, 1070, 1071, 1, '2014-12-11 13:25:08'),
(676, 1, 1072, 1073, 1, '2014-12-11 13:26:16'),
(677, 1, 1074, 1075, 1, '2014-12-11 13:27:05'),
(678, 1, 1076, 1077, 1, '2014-12-11 13:27:27'),
(679, 1, 1078, 1079, 1, '2014-12-11 13:27:44'),
(680, 1, 1080, 1081, 1, '2014-12-11 13:28:11'),
(681, 1, 1080, 1082, 1, '2014-12-11 13:28:13'),
(682, 1, 1083, 141, 1, '2014-12-11 13:28:47'),
(683, 1, 1083, 1084, 1, '2014-12-11 13:28:49'),
(684, 1, 1085, 1086, 1, '2014-12-11 13:29:11'),
(685, 1, 1085, 1087, 1, '2014-12-11 13:29:23'),
(686, 1, 1088, 1089, 1, '2014-12-11 13:29:45'),
(688, 1, 227, 1090, 1, '2014-12-11 13:30:20'),
(689, 1, 1091, 576, 1, '2014-12-11 13:30:35'),
(690, 1, 1092, 1093, 1, '2014-12-11 13:31:10'),
(691, 1, 1094, 1095, 1, '2014-12-11 13:31:35'),
(692, 1, 1096, 1097, 1, '2014-12-11 13:31:59'),
(693, 1, 1098, 1099, 1, '2014-12-11 13:32:39'),
(694, 1, 1100, 1101, 1, '2014-12-11 13:33:05'),
(695, 1, 1100, 1102, 1, '2014-12-11 13:33:14'),
(696, 1, 1103, 1044, 1, '2014-12-11 13:33:36'),
(697, 1, 1103, 1104, 1, '2014-12-11 13:33:44'),
(698, 1, 1105, 1106, 1, '2014-12-11 13:34:01'),
(699, 1, 1107, 1108, 1, '2014-12-11 13:46:17'),
(700, 1, 1109, 1110, 1, '2014-12-11 13:48:17'),
(701, 1, 1109, 1111, 1, '2014-12-11 13:48:24'),
(704, 1, 948, 1112, 1, '2014-12-11 13:49:04'),
(705, 1, 948, 1113, 1, '2014-12-11 13:49:10'),
(711, 1, 1114, 1115, 1, '2014-12-11 13:51:51'),
(712, 1, 1116, 1117, 1, '2014-12-11 13:52:06'),
(713, 1, 1118, 1119, 1, '2014-12-11 13:54:06'),
(714, 1, 1120, 1121, 1, '2014-12-11 13:56:10'),
(715, 1, 1122, 1123, 1, '2014-12-11 13:56:27'),
(716, 1, 1124, 1125, 1, '2014-12-11 13:57:59'),
(720, 1, 1126, 1127, 2, '2014-12-11 13:59:16'),
(721, 1, 1128, 1129, 1, '2014-12-11 14:00:18'),
(722, 1, 1128, 1130, 1, '2014-12-11 14:00:24'),
(723, 1, 1131, 1132, 1, '2014-12-11 14:02:28'),
(725, 1, 1133, 1134, 1, '2014-12-11 14:03:51'),
(726, 1, 1133, 1135, 1, '2014-12-11 14:03:54'),
(727, 1, 1136, 1137, 1, '2014-12-11 14:04:40'),
(728, 1, 1138, 1139, 1, '2014-12-11 14:04:58'),
(729, 1, 1138, 1140, 1, '2014-12-11 14:05:01'),
(730, 1, 1138, 1141, 1, '2014-12-11 14:05:06'),
(731, 1, 1142, 1143, 1, '2014-12-11 14:05:25'),
(732, 1, 1142, 1144, 1, '2014-12-11 14:05:27'),
(733, 1, 1145, 621, 1, '2014-12-11 14:06:04'),
(734, 1, 1146, 1147, 1, '2014-12-11 14:06:42'),
(735, 1, 1146, 1148, 1, '2014-12-11 14:06:44'),
(736, 1, 1149, 1150, 1, '2014-12-11 14:11:04'),
(737, 1, 1151, 1152, 1, '2014-12-11 14:11:39'),
(738, 1, 1151, 1153, 1, '2014-12-11 14:11:42'),
(739, 1, 1151, 1154, 1, '2014-12-11 14:11:47'),
(740, 1, 1155, 1156, 1, '2014-12-11 14:12:39'),
(741, 1, 1157, 1158, 1, '2014-12-11 14:13:10'),
(742, 1, 1157, 1159, 1, '2014-12-11 14:13:18'),
(743, 1, 1157, 1160, 1, '2014-12-11 14:13:26'),
(746, 1, 1163, 1164, 1, '2014-12-11 14:15:34'),
(747, 1, 1161, 1162, 1, '2014-12-11 14:19:34'),
(748, 1, 1161, 15, 1, '2014-12-11 14:19:37'),
(750, 1, 726, 261, 1, '2014-12-11 14:22:34'),
(751, 1, 1165, 1166, 1, '2014-12-11 14:22:53'),
(752, 1, 1167, 1168, 3, '2014-12-11 14:23:11'),
(753, 1, 1167, 1169, 2, '2014-12-11 14:23:15'),
(754, 1, 1167, 1170, 1, '2014-12-11 14:23:22'),
(755, 1, 1171, 1172, 1, '2014-12-11 14:24:47'),
(756, 1, 1173, 79, 1, '2014-12-11 14:25:01'),
(757, 1, 1173, 1174, 1, '2014-12-11 14:25:12'),
(758, 1, 1173, 1175, 1, '2014-12-11 14:25:22'),
(759, 1, 1176, 1177, 1, '2014-12-11 14:25:57'),
(760, 1, 1178, 243, 2, '2014-12-11 14:27:25'),
(761, 1, 1179, 1180, 1, '2014-12-11 14:27:48'),
(762, 1, 1179, 1181, 1, '2014-12-11 14:27:59'),
(763, 1, 1182, 1183, 1, '2014-12-11 14:28:26'),
(764, 1, 1182, 1184, 1, '2014-12-11 14:28:30'),
(765, 1, 1185, 1186, 1, '2014-12-11 14:28:44'),
(766, 1, 1185, 1187, 1, '2014-12-11 14:29:17'),
(767, 1, 1188, 1189, 1, '2014-12-11 14:30:39'),
(768, 1, 1190, 1191, 1, '2014-12-11 14:30:59'),
(769, 1, 1192, 1193, 1, '2014-12-11 14:31:17'),
(770, 1, 1192, 1194, 1, '2014-12-11 14:31:34'),
(772, 1, 607, 1195, 1, '2014-12-11 14:32:05'),
(773, 1, 1196, 1197, 1, '2014-12-11 14:32:48'),
(774, 1, 1198, 1199, 1, '2014-12-11 14:33:22'),
(775, 1, 1200, 1201, 1, '2014-12-11 14:33:36'),
(776, 1, 1202, 1203, 1, '2014-12-11 14:33:51'),
(777, 1, 1202, 1204, 1, '2014-12-11 14:33:57'),
(778, 1, 1202, 1205, 1, '2014-12-11 14:34:11'),
(779, 1, 1206, 1207, 1, '2014-12-11 14:34:23'),
(780, 1, 1208, 1209, 1, '2014-12-11 14:34:54'),
(781, 1, 1208, 1210, 1, '2014-12-11 14:34:56'),
(782, 1, 1211, 1212, 1, '2014-12-11 14:35:44'),
(783, 1, 1211, 1213, 1, '2014-12-11 14:35:46'),
(784, 1, 1214, 1215, 1, '2014-12-11 14:36:04'),
(785, 1, 1216, 1217, 1, '2014-12-11 14:36:28'),
(786, 1, 1216, 199, 1, '2014-12-11 14:36:36'),
(788, 1, 1218, 1219, 1, '2014-12-11 14:37:01'),
(789, 1, 1220, 511, 1, '2014-12-11 14:37:15'),
(790, 1, 1220, 25, 1, '2014-12-11 14:37:18'),
(791, 1, 1220, 1221, 1, '2014-12-11 14:37:24'),
(792, 1, 1222, 1223, 1, '2014-12-11 14:40:19'),
(793, 1, 1224, 1225, 1, '2014-12-11 14:47:13'),
(794, 1, 1224, 1226, 1, '2014-12-11 14:47:16'),
(795, 1, 1227, 1228, 1, '2014-12-11 14:48:29'),
(796, 1, 1229, 1230, 1, '2014-12-11 14:49:10'),
(797, 1, 1229, 672, 1, '2014-12-11 14:49:13'),
(798, 1, 1229, 1231, 1, '2014-12-11 14:49:17'),
(799, 1, 1229, 1232, 1, '2014-12-11 14:49:20'),
(800, 1, 1233, 1234, 1, '2014-12-11 14:49:36'),
(801, 1, 1235, 1236, 1, '2014-12-12 07:59:55'),
(802, 1, 1237, 1162, 1, '2014-12-12 08:01:01'),
(803, 1, 1237, 1238, 1, '2014-12-12 08:01:06'),
(804, 1, 1239, 1240, 1, '2014-12-12 08:02:53'),
(805, 1, 1241, 1153, 1, '2014-12-12 08:06:09'),
(806, 1, 1241, 1242, 1, '2014-12-12 08:06:14'),
(807, 1, 1243, 1244, 1, '2014-12-12 08:06:54'),
(808, 1, 1243, 1245, 1, '2014-12-12 08:07:02'),
(809, 1, 1243, 1246, 1, '2014-12-12 08:07:14'),
(813, 1, 1247, 221, 1, '2014-12-12 08:37:46'),
(814, 1, 1247, 261, 1, '2014-12-12 08:37:54'),
(815, 1, 1247, 1248, 1, '2014-12-12 08:38:04'),
(816, 1, 1249, 1250, 2, '2014-12-12 08:38:33'),
(817, 1, 478, 1251, 1, '2014-12-12 08:39:00'),
(818, 1, 1252, 1253, 2, '2014-12-12 08:39:18'),
(819, 1, 1254, 1255, 1, '2014-12-12 08:39:41'),
(820, 1, 1254, 1256, 1, '2014-12-12 08:39:44'),
(821, 1, 1254, 1257, 1, '2014-12-12 08:39:50'),
(822, 1, 1258, 1259, 1, '2014-12-12 08:40:29'),
(823, 1, 1260, 1261, 1, '2014-12-12 08:40:50'),
(824, 1, 1260, 1262, 1, '2014-12-12 08:40:57'),
(825, 1, 1260, 1263, 1, '2014-12-12 08:41:09'),
(826, 1, 1131, 1264, 1, '2014-12-12 08:41:51'),
(827, 1, 1265, 1266, 1, '2014-12-12 08:42:16'),
(828, 1, 1267, 509, 1, '2014-12-12 08:42:48'),
(829, 1, 1267, 1268, 1, '2014-12-12 08:42:50'),
(830, 1, 1269, 1270, 1, '2014-12-12 08:59:52'),
(831, 1, 1271, 1272, 1, '2014-12-12 09:00:24'),
(832, 1, 1271, 714, 1, '2014-12-12 09:00:28'),
(833, 1, 1273, 765, 1, '2014-12-12 09:02:30'),
(834, 1, 1273, 257, 1, '2014-12-12 09:02:33'),
(835, 1, 1274, 1275, 1, '2014-12-12 09:03:06'),
(836, 1, 1276, 1277, 1, '2014-12-12 09:03:52'),
(838, 1, 1278, 1279, 1, '2014-12-12 09:05:33'),
(839, 1, 1280, 1281, 1, '2014-12-12 09:05:42'),
(840, 1, 1282, 1147, 1, '2014-12-12 09:06:08'),
(841, 1, 1283, 1284, 1, '2014-12-12 09:06:37'),
(842, 1, 1283, 1285, 1, '2014-12-12 09:06:39'),
(843, 1, 1286, 1287, 1, '2014-12-12 09:06:58'),
(844, 1, 1286, 1288, 1, '2014-12-12 09:07:06'),
(845, 1, 1289, 1290, 1, '2014-12-12 09:07:25'),
(846, 1, 1289, 1291, 1, '2014-12-12 09:07:27'),
(847, 1, 1292, 1293, 1, '2014-12-12 09:07:55'),
(848, 1, 1294, 1295, 1, '2014-12-12 09:08:26'),
(849, 1, 1294, 1296, 1, '2014-12-12 09:08:28'),
(850, 1, 1294, 1297, 1, '2014-12-12 09:08:34'),
(851, 1, 1294, 1298, 1, '2014-12-12 09:08:37'),
(852, 1, 1299, 1300, 2, '2014-12-12 09:08:57'),
(853, 1, 1301, 1302, 1, '2014-12-12 09:09:34'),
(854, 1, 1303, 1304, 1, '2014-12-12 09:10:06'),
(855, 1, 1303, 1305, 1, '2014-12-12 09:10:08'),
(856, 1, 1303, 1306, 1, '2014-12-12 09:10:09'),
(857, 1, 1307, 1308, 1, '2014-12-12 09:10:25'),
(858, 1, 1307, 1309, 1, '2014-12-12 09:10:29'),
(859, 1, 1307, 1310, 1, '2014-12-12 09:10:32'),
(860, 1, 1311, 1312, 1, '2014-12-12 09:11:00'),
(861, 1, 1311, 1313, 1, '2014-12-12 09:11:11'),
(862, 1, 1311, 1314, 1, '2014-12-12 09:11:20'),
(863, 1, 1315, 1316, 2, '2014-12-12 09:12:52'),
(864, 1, 1317, 1318, 1, '2014-12-12 09:39:11'),
(865, 1, 1319, 1320, 1, '2014-12-12 09:39:40'),
(866, 1, 1321, 1322, 1, '2014-12-12 09:40:11'),
(867, 1, 1321, 1323, 1, '2014-12-12 09:40:20'),
(868, 1, 1324, 229, 2, '2014-12-12 09:40:48'),
(869, 1, 1324, 1325, 1, '2014-12-12 09:40:54'),
(870, 1, 1324, 287, 2, '2014-12-12 09:40:55'),
(871, 1, 1324, 19, 1, '2014-12-12 09:40:59'),
(873, 1, 1326, 1327, 1, '2014-12-12 09:41:43'),
(874, 1, 1326, 1328, 1, '2014-12-12 09:41:46'),
(875, 1, 1326, 1329, 1, '2014-12-12 09:41:48'),
(876, 1, 1330, 1331, 1, '2014-12-12 09:43:03'),
(877, 1, 1330, 1332, 1, '2014-12-12 09:43:05'),
(878, 1, 1330, 1333, 1, '2014-12-12 09:43:07'),
(879, 1, 1334, 1335, 1, '2014-12-12 09:43:30'),
(880, 1, 1334, 1336, 1, '2014-12-12 09:43:35'),
(881, 1, 1334, 1337, 1, '2014-12-12 09:43:37'),
(882, 1, 1338, 1339, 1, '2014-12-12 09:44:39'),
(884, 1, 1340, 1341, 1, '2014-12-12 09:45:53'),
(885, 1, 1340, 1342, 1, '2014-12-12 09:45:56'),
(886, 1, 1343, 1344, 1, '2014-12-12 09:46:52'),
(887, 1, 1345, 1346, 1, '2014-12-12 09:47:25'),
(888, 1, 1347, 1348, 2, '2014-12-12 09:47:49'),
(889, 1, 1349, 1350, 1, '2014-12-12 11:12:48'),
(890, 1, 1351, 1352, 1, '2014-12-12 11:13:04'),
(891, 1, 1351, 1353, 1, '2014-12-12 11:13:08'),
(892, 1, 1354, 1355, 1, '2014-12-12 11:13:26'),
(893, 1, 1354, 1356, 1, '2014-12-12 11:13:29'),
(894, 1, 1354, 1357, 1, '2014-12-12 11:13:37'),
(895, 1, 1358, 1359, 1, '2014-12-12 11:13:50'),
(896, 1, 1358, 1360, 1, '2014-12-12 11:13:55'),
(897, 1, 1358, 1361, 1, '2014-12-12 11:13:58'),
(898, 1, 1362, 1363, 1, '2014-12-12 11:14:24'),
(899, 1, 1362, 1364, 1, '2014-12-12 11:14:27'),
(900, 1, 1362, 1365, 1, '2014-12-12 11:14:32'),
(901, 1, 1366, 1367, 1, '2014-12-12 11:15:10'),
(902, 1, 1366, 1368, 1, '2014-12-12 11:15:16'),
(903, 1, 1369, 1370, 1, '2014-12-12 11:15:33'),
(904, 1, 1369, 1371, 1, '2014-12-12 11:15:40'),
(905, 1, 1372, 1373, 1, '2014-12-12 11:16:20'),
(906, 1, 1372, 1374, 2, '2014-12-12 11:16:29'),
(907, 1, 1375, 1376, 1, '2014-12-12 11:17:07'),
(908, 1, 1375, 1377, 1, '2014-12-12 11:17:19'),
(909, 1, 1375, 261, 1, '2014-12-12 11:17:41'),
(910, 1, 1378, 1379, 1, '2014-12-12 11:18:18'),
(911, 1, 1378, 1380, 1, '2014-12-12 11:18:20'),
(912, 1, 1381, 1382, 1, '2014-12-12 11:18:40'),
(915, 1, 1383, 1384, 1, '2014-12-12 11:19:36'),
(916, 1, 1383, 1385, 1, '2014-12-12 11:19:40'),
(917, 1, 1383, 1386, 1, '2014-12-12 11:19:49'),
(918, 1, 1383, 1387, 1, '2014-12-12 11:20:09'),
(919, 1, 1383, 1388, 1, '2014-12-12 11:20:16'),
(920, 1, 1389, 1390, 1, '2014-12-12 11:20:59'),
(921, 1, 1391, 1392, 1, '2014-12-12 11:21:19'),
(922, 1, 1393, 1394, 1, '2014-12-12 11:21:36'),
(923, 1, 1395, 1396, 2, '2014-12-12 11:21:48'),
(924, 1, 1395, 1397, 2, '2014-12-12 11:21:53'),
(925, 1, 1398, 477, 1, '2014-12-12 11:22:08'),
(926, 1, 1399, 1400, 1, '2014-12-12 11:22:37'),
(927, 1, 1399, 1401, 1, '2014-12-12 11:22:41'),
(928, 1, 1402, 1403, 1, '2014-12-12 11:23:34'),
(929, 1, 1404, 1405, 1, '2014-12-12 11:24:03'),
(933, 1, 1407, 1408, 1, '2014-12-12 11:26:28'),
(934, 1, 1407, 1409, 1, '2014-12-12 11:26:34'),
(935, 1, 1410, 1411, 1, '2014-12-12 11:26:50'),
(936, 1, 1410, 1412, 1, '2014-12-12 11:26:55'),
(937, 1, 1410, 1413, 1, '2014-12-12 11:26:59'),
(938, 1, 1414, 1415, 1, '2014-12-12 11:27:14'),
(939, 1, 1416, 1417, 1, '2014-12-12 11:27:27'),
(940, 1, 1416, 1418, 1, '2014-12-12 11:27:30'),
(941, 1, 1419, 1420, 1, '2014-12-12 11:27:57'),
(942, 1, 1421, 1422, 1, '2014-12-12 11:29:02'),
(943, 1, 1423, 1424, 2, '2014-12-12 11:30:02'),
(944, 1, 1423, 1425, 1, '2014-12-12 11:30:07'),
(945, 1, 1423, 1426, 2, '2014-12-12 11:30:11'),
(946, 1, 1427, 1428, 1, '2014-12-12 11:30:52'),
(947, 1, 1427, 1429, 1, '2014-12-12 11:30:58'),
(948, 1, 1430, 1431, 1, '2014-12-12 11:31:30'),
(949, 1, 1430, 1432, 1, '2014-12-12 11:31:45'),
(950, 1, 1433, 1434, 1, '2014-12-12 11:33:07'),
(951, 1, 1433, 1435, 1, '2014-12-12 11:33:10'),
(952, 1, 1436, 1437, 1, '2014-12-12 11:34:06'),
(953, 1, 1438, 1376, 1, '2014-12-12 11:52:33'),
(954, 1, 1438, 262, 1, '2014-12-12 11:52:39'),
(955, 1, 1439, 222, 1, '2014-12-12 11:53:31'),
(956, 1, 1439, 1440, 1, '2014-12-12 11:53:40'),
(957, 1, 1439, 1441, 1, '2014-12-12 11:53:44'),
(958, 1, 1442, 1443, 3, '2014-12-12 11:56:06'),
(959, 1, 1444, 1445, 1, '2014-12-12 11:56:30'),
(960, 1, 1444, 1446, 1, '2014-12-12 11:56:36'),
(961, 1, 1444, 1447, 1, '2014-12-12 11:56:40'),
(962, 1, 1444, 1448, 1, '2014-12-12 11:56:45'),
(963, 1, 1449, 1450, 1, '2014-12-12 11:57:00'),
(964, 1, 1451, 1021, 1, '2014-12-12 11:57:13'),
(965, 1, 1452, 1268, 1, '2014-12-12 11:57:54'),
(966, 1, 1453, 1454, 1, '2014-12-12 11:58:19'),
(967, 1, 1438, 1455, 1, '2014-12-12 11:58:36'),
(968, 1, 1456, 342, 2, '2014-12-12 12:01:43'),
(969, 1, 1457, 1458, 1, '2014-12-12 12:04:10'),
(970, 1, 1459, 1460, 1, '2014-12-13 18:54:50'),
(971, 1, 1461, 1462, 1, '2014-12-13 18:55:30'),
(972, 1, 1463, 1464, 1, '2014-12-13 18:55:44'),
(973, 1, 1465, 1466, 1, '2014-12-13 18:56:01'),
(974, 1, 1467, 458, 1, '2014-12-13 18:56:21'),
(975, 1, 1467, 1468, 1, '2014-12-13 18:56:27'),
(976, 1, 1469, 1470, 1, '2014-12-13 18:57:20'),
(979, 1, 1474, 1475, 1, '2014-12-13 19:09:04'),
(980, 1, 1476, 1477, 1, '2014-12-13 19:09:27'),
(981, 1, 1476, 1478, 1, '2014-12-13 19:09:30'),
(982, 1, 1476, 1479, 1, '2014-12-13 19:09:35'),
(983, 1, 1480, 1481, 1, '2014-12-13 19:09:59'),
(984, 1, 1480, 1482, 1, '2014-12-13 19:10:09'),
(985, 1, 1438, 1471, 1, '2014-12-13 19:10:38'),
(986, 1, 1483, 1484, 1, '2014-12-13 19:10:55'),
(987, 1, 1483, 1485, 1, '2014-12-13 19:10:57'),
(988, 1, 1472, 1473, 2, '2014-12-13 19:11:16'),
(991, 1, 845, 17, 1, '2014-12-13 19:11:54'),
(992, 1, 1486, 1487, 1, '2014-12-13 19:49:48'),
(993, 1, 1488, 1168, 1, '2014-12-13 19:50:14'),
(994, 1, 1488, 1489, 1, '2014-12-13 19:50:18'),
(995, 1, 1490, 1491, 1, '2014-12-13 19:50:34'),
(996, 1, 1490, 1492, 1, '2014-12-13 19:50:36'),
(997, 1, 1493, 1494, 1, '2014-12-13 19:50:44'),
(998, 1, 1495, 1496, 1, '2014-12-13 19:51:09'),
(999, 1, 1497, 1327, 1, '2014-12-13 19:51:34'),
(1000, 1, 1497, 1328, 1, '2014-12-13 19:51:38'),
(1001, 1, 1497, 1498, 1, '2014-12-13 19:51:41'),
(1002, 1, 1499, 1500, 1, '2014-12-13 19:52:01'),
(1003, 1, 1501, 1502, 1, '2014-12-13 19:52:20'),
(1004, 1, 1501, 1503, 1, '2014-12-13 19:52:25'),
(1005, 1, 1504, 1505, 1, '2014-12-13 19:52:39'),
(1007, 1, 472, 27, 1, '2014-12-13 19:53:07'),
(1008, 1, 1506, 1507, 1, '2014-12-13 19:53:21'),
(1009, 1, 1508, 1509, 1, '2014-12-13 19:53:43'),
(1010, 1, 1510, 1511, 1, '2014-12-13 19:53:59'),
(1011, 1, 1510, 1512, 1, '2014-12-13 19:54:06'),
(1012, 1, 1513, 432, 1, '2014-12-13 19:54:32'),
(1013, 1, 1513, 1514, 1, '2014-12-13 19:54:41'),
(1014, 1, 1515, 1516, 1, '2014-12-13 19:55:12'),
(1015, 1, 1517, 1518, 1, '2014-12-13 19:55:25'),
(1016, 1, 1517, 1519, 1, '2014-12-13 19:55:27'),
(1017, 1, 1520, 1521, 1, '2014-12-13 19:55:46'),
(1018, 1, 1520, 1522, 1, '2014-12-13 19:55:48'),
(1019, 1, 1520, 1523, 1, '2014-12-13 19:55:58'),
(1020, 1, 1524, 1525, 1, '2014-12-13 19:56:30'),
(1021, 1, 1526, 1527, 1, '2014-12-13 19:56:50'),
(1022, 1, 1528, 1529, 1, '2014-12-13 19:57:14'),
(1023, 1, 1530, 1531, 1, '2014-12-13 19:57:29'),
(1024, 1, 1532, 1533, 1, '2014-12-13 19:57:50'),
(1025, 1, 1532, 1534, 1, '2014-12-13 19:57:56'),
(1026, 1, 1532, 1535, 1, '2014-12-13 19:57:59'),
(1027, 1, 1536, 1012, 1, '2014-12-13 19:59:33'),
(1028, 1, 1536, 1010, 1, '2014-12-13 19:59:40'),
(1029, 1, 1536, 1537, 1, '2014-12-13 19:59:44'),
(1030, 1, 1538, 1539, 1, '2014-12-13 20:02:22'),
(1031, 1, 1540, 1541, 1, '2014-12-13 20:02:37'),
(1032, 1, 1540, 1542, 1, '2014-12-13 20:02:40'),
(1033, 1, 1543, 1544, 1, '2014-12-13 20:02:55'),
(1034, 1, 1545, 1546, 1, '2014-12-13 20:03:27'),
(1035, 1, 1545, 395, 1, '2014-12-13 20:03:31'),
(1036, 1, 1547, 1548, 1, '2014-12-13 20:03:47'),
(1037, 1, 1549, 1550, 1, '2014-12-13 20:04:08'),
(1038, 1, 1549, 1551, 1, '2014-12-13 20:04:15'),
(1039, 1, 1549, 1552, 1, '2014-12-13 20:04:24'),
(1040, 1, 1553, 1554, 2, '2014-12-13 20:04:40'),
(1041, 1, 1553, 1555, 2, '2014-12-13 20:04:47'),
(1042, 1, 1556, 1557, 1, '2014-12-13 20:05:03'),
(1043, 1, 1556, 1558, 1, '2014-12-13 20:05:06'),
(1044, 1, 1556, 1559, 1, '2014-12-13 20:05:10'),
(1045, 1, 1560, 1561, 1, '2014-12-13 20:05:48'),
(1046, 1, 1560, 1562, 1, '2014-12-13 20:05:51'),
(1047, 1, 1563, 1564, 1, '2014-12-13 20:06:11'),
(1048, 1, 1565, 1566, 1, '2014-12-13 20:06:26'),
(1049, 1, 1567, 1568, 1, '2014-12-13 20:06:48'),
(1050, 1, 1567, 489, 1, '2014-12-13 20:06:51'),
(1052, 1, 14, 1569, 1, '2014-12-13 20:07:13'),
(1054, 1, 1570, 1571, 1, '2014-12-13 20:07:35'),
(1055, 1, 1570, 1572, 1, '2014-12-13 20:07:39'),
(1056, 1, 1570, 1573, 1, '2014-12-13 20:07:43'),
(1057, 1, 1574, 1575, 1, '2014-12-13 20:08:03'),
(1058, 1, 1576, 1577, 1, '2014-12-13 20:08:20'),
(1059, 1, 1578, 1579, 1, '2014-12-13 20:08:29'),
(1060, 1, 1580, 1581, 1, '2014-12-13 20:09:32'),
(1061, 1, 1580, 1582, 1, '2014-12-13 20:09:34'),
(1062, 1, 1583, 727, 1, '2014-12-13 20:09:50'),
(1063, 1, 1583, 1584, 1, '2014-12-13 20:09:53'),
(1064, 1, 1362, 1585, 1, '2014-12-13 20:10:14'),
(1065, 1, 1586, 1587, 1, '2014-12-13 20:10:42'),
(1066, 1, 1586, 1588, 1, '2014-12-13 20:10:50'),
(1067, 1, 1589, 1590, 1, '2014-12-13 20:11:17'),
(1068, 1, 1589, 1591, 1, '2014-12-13 20:11:22'),
(1069, 1, 1592, 1593, 1, '2014-12-13 20:11:51'),
(1071, 1, 380, 1594, 1, '2014-12-13 20:25:27'),
(1072, 1, 1595, 931, 1, '2014-12-13 20:25:59'),
(1073, 1, 1595, 1596, 1, '2014-12-13 20:26:01'),
(1074, 1, 1595, 1597, 1, '2014-12-13 20:26:05'),
(1075, 1, 1598, 1599, 1, '2014-12-13 20:26:20'),
(1076, 1, 1600, 1601, 1, '2014-12-13 20:30:05'),
(1077, 1, 1602, 1603, 1, '2014-12-13 20:30:38'),
(1078, 1, 1602, 1604, 1, '2014-12-13 20:30:50'),
(1079, 1, 904, 1605, 1, '2014-12-13 20:31:02'),
(1080, 1, 904, 1606, 1, '2014-12-13 20:31:05'),
(1081, 1, 1607, 1608, 1, '2014-12-13 20:31:33'),
(1082, 1, 1607, 1609, 1, '2014-12-13 20:31:35'),
(1083, 1, 1610, 1611, 1, '2014-12-13 20:32:05'),
(1084, 1, 1612, 1613, 1, '2014-12-13 20:32:32'),
(1085, 1, 1614, 1615, 1, '2014-12-13 20:32:51'),
(1086, 1, 1614, 1616, 1, '2014-12-13 20:33:01'),
(1087, 1, 1617, 1618, 1, '2014-12-13 20:33:24'),
(1088, 1, 1619, 1620, 1, '2014-12-13 20:33:38'),
(1089, 1, 1621, 1622, 1, '2014-12-13 20:33:51'),
(1092, 1, 1395, 621, 1, '2014-12-13 21:18:10'),
(1093, 1, 1623, 1624, 1, '2014-12-13 21:18:30'),
(1094, 1, 1625, 483, 2, '2014-12-13 21:18:47'),
(1095, 1, 1625, 1626, 2, '2014-12-13 21:18:51'),
(1096, 1, 1625, 1627, 1, '2014-12-13 21:18:56'),
(1097, 1, 1628, 1629, 1, '2014-12-13 21:19:13'),
(1098, 1, 1628, 1630, 1, '2014-12-13 21:19:14'),
(1099, 1, 1631, 1632, 1, '2014-12-13 21:19:29'),
(1100, 1, 1631, 1633, 1, '2014-12-13 21:19:31'),
(1101, 1, 1634, 565, 1, '2014-12-13 21:19:47'),
(1102, 1, 1634, 1635, 1, '2014-12-13 21:19:52'),
(1103, 1, 1636, 1637, 1, '2014-12-13 21:20:14'),
(1104, 1, 1636, 1638, 1, '2014-12-13 21:20:25'),
(1105, 1, 1639, 1640, 1, '2014-12-13 21:20:54'),
(1106, 1, 1641, 1642, 1, '2014-12-13 21:21:11'),
(1107, 1, 1643, 1644, 1, '2014-12-13 21:21:40'),
(1108, 1, 1645, 1646, 1, '2014-12-13 21:22:07'),
(1109, 1, 1645, 1647, 1, '2014-12-13 21:22:10'),
(1110, 1, 1648, 1649, 1, '2014-12-13 21:22:32'),
(1111, 1, 1648, 1650, 1, '2014-12-13 21:22:36'),
(1112, 1, 1651, 1652, 1, '2014-12-13 21:22:54'),
(1113, 1, 1653, 1654, 1, '2014-12-13 21:23:05'),
(1114, 1, 1655, 38, 1, '2014-12-13 21:23:34'),
(1115, 1, 1655, 1656, 1, '2014-12-13 21:23:42'),
(1116, 1, 1657, 1658, 1, '2014-12-13 21:24:07'),
(1117, 1, 1657, 1659, 1, '2014-12-13 21:24:11'),
(1118, 1, 1660, 1661, 1, '2014-12-13 21:24:52'),
(1119, 1, 1662, 1663, 1, '2014-12-13 21:26:52'),
(1120, 1, 1664, 1665, 1, '2014-12-13 21:27:23'),
(1121, 1, 1666, 245, 1, '2014-12-13 21:29:23'),
(1122, 1, 1666, 243, 1, '2014-12-13 21:29:29'),
(1123, 1, 1667, 885, 1, '2014-12-13 21:29:44'),
(1127, 1, 1668, 1669, 1, '2014-12-13 22:26:48'),
(1128, 1, 1668, 1670, 1, '2014-12-13 22:26:55'),
(1130, 1, 1456, 1671, 1, '2014-12-13 22:27:15'),
(1134, 1, 1672, 1154, 1, '2014-12-13 22:28:02'),
(1135, 1, 1672, 1673, 1, '2014-12-13 22:28:06'),
(1136, 1, 1672, 1674, 1, '2014-12-13 22:28:14'),
(1137, 1, 1675, 1676, 1, '2014-12-13 22:28:31'),
(1138, 1, 1675, 1677, 1, '2014-12-13 22:28:33'),
(1139, 1, 1675, 1678, 1, '2014-12-13 22:28:38'),
(1140, 1, 1679, 1174, 1, '2014-12-13 22:29:18'),
(1141, 1, 1680, 1681, 1, '2014-12-13 22:29:33'),
(1142, 1, 1680, 1682, 1, '2014-12-13 22:29:38'),
(1143, 1, 1680, 1683, 1, '2014-12-13 22:29:39'),
(1144, 1, 1684, 1685, 1, '2014-12-13 22:29:54'),
(1145, 1, 1684, 1686, 1, '2014-12-13 22:30:00'),
(1147, 1, 1687, 1688, 2, '2014-12-13 22:30:54'),
(1148, 1, 1687, 1689, 2, '2014-12-13 22:31:00'),
(1149, 1, 1690, 435, 1, '2014-12-13 22:31:25'),
(1150, 1, 1690, 19, 1, '2014-12-13 22:31:29'),
(1151, 1, 1691, 1692, 2, '2014-12-13 22:31:54'),
(1152, 1, 1691, 1693, 1, '2014-12-13 22:31:58'),
(1153, 1, 1691, 1694, 1, '2014-12-13 22:32:03'),
(1154, 1, 1695, 1696, 1, '2014-12-13 22:33:00'),
(1155, 1, 1695, 1697, 1, '2014-12-13 22:33:02'),
(1156, 1, 1695, 1698, 1, '2014-12-13 22:33:08'),
(1157, 1, 1699, 1700, 1, '2014-12-13 22:33:26'),
(1158, 1, 1701, 1702, 1, '2014-12-13 22:33:51'),
(1159, 1, 1701, 1703, 1, '2014-12-13 22:33:55'),
(1160, 1, 469, 1704, 1, '2014-12-13 22:34:09'),
(1163, 1, 1705, 1706, 1, '2014-12-13 22:34:30'),
(1164, 1, 1707, 1708, 1, '2014-12-13 22:34:56'),
(1165, 1, 1709, 1710, 1, '2014-12-14 16:58:11'),
(1166, 1, 1711, 1712, 1, '2014-12-14 16:58:51'),
(1167, 1, 1711, 1713, 1, '2014-12-14 16:58:53'),
(1168, 1, 1714, 1715, 1, '2014-12-14 16:59:17'),
(1169, 1, 1714, 1716, 1, '2014-12-14 16:59:22'),
(1171, 1, 782, 1717, 1, '2014-12-14 16:59:48'),
(1174, 1, 1718, 1719, 1, '2014-12-14 17:00:50'),
(1175, 1, 1718, 1720, 1, '2014-12-14 17:00:55'),
(1176, 1, 1718, 1721, 1, '2014-12-14 17:01:06'),
(1177, 1, 1722, 1723, 2, '2014-12-14 17:01:31'),
(1178, 1, 1724, 1725, 1, '2014-12-14 17:01:41'),
(1179, 1, 1724, 1726, 1, '2014-12-14 17:01:46'),
(1180, 1, 1727, 1728, 1, '2014-12-14 17:02:37'),
(1181, 1, 1729, 1730, 1, '2014-12-14 17:02:59'),
(1182, 1, 1731, 1732, 1, '2014-12-14 17:04:11'),
(1183, 1, 1731, 1733, 1, '2014-12-14 17:04:14'),
(1184, 1, 1734, 1735, 1, '2014-12-14 17:04:36'),
(1186, 1, 1625, 1736, 1, '2014-12-14 17:14:06'),
(1188, 1, 1737, 1738, 1, '2014-12-14 17:14:35'),
(1189, 1, 1739, 1740, 1, '2014-12-14 17:14:54'),
(1190, 1, 1739, 1741, 1, '2014-12-14 17:14:57'),
(1191, 1, 658, 1742, 1, '2014-12-14 17:15:11'),
(1193, 1, 1743, 1744, 1, '2014-12-14 17:15:36'),
(1194, 1, 1743, 1745, 1, '2014-12-14 17:15:49'),
(1195, 1, 1743, 27, 1, '2014-12-14 17:15:52'),
(1196, 1, 1746, 1747, 1, '2014-12-14 17:16:35'),
(1197, 1, 1748, 1749, 1, '2014-12-14 17:16:54');
INSERT INTO `meanings` (`id`, `userid`, `targetid`, `baseid`, `frequency`, `date_entered`) VALUES
(1198, 1, 1750, 1751, 1, '2014-12-14 17:17:08'),
(1199, 1, 1750, 8, 1, '2014-12-14 17:17:10'),
(1200, 1, 1750, 1752, 1, '2014-12-14 17:17:19'),
(1202, 1, 1753, 1754, 1, '2014-12-14 17:17:58'),
(1203, 1, 1755, 1756, 1, '2014-12-14 17:18:25'),
(1204, 1, 1757, 1758, 1, '2014-12-14 17:20:08'),
(1205, 1, 1759, 1760, 1, '2014-12-14 17:20:29'),
(1206, 1, 1759, 1761, 1, '2014-12-14 17:20:32'),
(1208, 1, 18, 1169, 1, '2014-12-14 17:20:54'),
(1209, 1, 18, 1697, 1, '2014-12-14 17:21:02'),
(1212, 1, 1762, 1763, 1, '2014-12-14 17:21:57'),
(1214, 1, 1299, 1764, 1, '2014-12-14 17:22:34'),
(1215, 1, 1765, 1766, 1, '2014-12-14 17:22:44'),
(1216, 1, 387, 1767, 1, '2014-12-14 17:23:04'),
(1217, 1, 387, 1768, 1, '2014-12-14 17:23:06'),
(1218, 1, 387, 1769, 1, '2014-12-14 17:23:13'),
(1219, 1, 1770, 1771, 1, '2014-12-14 17:23:25'),
(1220, 1, 1772, 1773, 1, '2014-12-14 17:23:50'),
(1221, 1, 1774, 464, 1, '2014-12-14 17:24:02'),
(1222, 1, 1775, 1764, 1, '2014-12-14 17:24:17'),
(1223, 1, 1775, 1776, 1, '2014-12-14 17:24:20'),
(1224, 1, 1777, 1778, 1, '2014-12-14 17:24:32'),
(1225, 1, 1777, 1779, 1, '2014-12-14 17:24:36'),
(1226, 1, 1777, 1780, 1, '2014-12-14 17:24:50'),
(1232, 1, 1315, 1787, 1, '2014-12-14 17:28:07'),
(1233, 1, 1315, 1788, 2, '2014-12-14 17:28:09'),
(1234, 1, 1789, 1790, 1, '2014-12-14 17:28:19'),
(1235, 1, 1789, 1791, 1, '2014-12-14 17:28:23'),
(1236, 1, 1792, 1793, 1, '2014-12-14 17:28:37'),
(1237, 1, 1794, 1795, 1, '2014-12-14 17:29:01'),
(1238, 1, 1796, 1797, 1, '2014-12-14 17:29:13'),
(1239, 1, 1798, 1799, 1, '2014-12-14 17:29:34'),
(1240, 1, 1800, 1801, 1, '2014-12-14 17:29:46'),
(1241, 1, 1800, 1802, 1, '2014-12-14 17:29:51'),
(1242, 1, 1803, 1541, 1, '2014-12-14 17:30:15'),
(1243, 1, 1804, 1805, 1, '2014-12-14 17:32:36'),
(1244, 1, 1806, 1807, 1, '2014-12-14 17:33:25'),
(1245, 1, 1806, 1808, 1, '2014-12-14 17:33:28'),
(1246, 1, 1809, 1810, 1, '2014-12-14 17:33:39'),
(1247, 1, 1809, 1811, 1, '2014-12-14 17:33:42'),
(1250, 1, 1812, 1813, 1, '2014-12-14 17:34:29'),
(1251, 1, 1812, 1814, 1, '2014-12-14 17:34:34'),
(1253, 1, 1347, 1815, 1, '2014-12-14 17:34:46'),
(1254, 1, 1816, 1817, 1, '2014-12-14 17:43:53'),
(1255, 1, 1818, 1819, 1, '2014-12-14 17:44:02'),
(1256, 1, 1818, 1758, 1, '2014-12-14 17:44:04'),
(1257, 1, 1820, 1821, 1, '2014-12-14 17:44:51'),
(1258, 1, 1820, 1822, 1, '2014-12-14 17:45:03'),
(1259, 1, 1823, 1824, 1, '2014-12-14 17:46:01'),
(1260, 1, 1823, 1825, 1, '2014-12-14 17:46:06'),
(1262, 1, 1826, 1827, 1, '2014-12-14 17:49:54'),
(1264, 1, 1828, 1829, 1, '2014-12-17 21:38:27'),
(1265, 1, 1828, 1830, 1, '2014-12-17 21:38:37'),
(1266, 1, 1831, 1832, 1, '2014-12-17 21:39:02'),
(1267, 1, 1831, 1833, 1, '2014-12-17 21:39:05'),
(1268, 1, 1834, 1830, 1, '2014-12-17 21:39:23'),
(1269, 1, 1834, 1835, 1, '2014-12-17 21:39:25'),
(1270, 1, 1836, 862, 1, '2014-12-17 21:39:45'),
(1271, 1, 1837, 1838, 1, '2014-12-17 21:40:03'),
(1272, 1, 1839, 1840, 1, '2014-12-17 21:40:18'),
(1273, 1, 1841, 1842, 1, '2014-12-17 21:40:30'),
(1274, 1, 1843, 1844, 1, '2014-12-17 21:41:03'),
(1276, 1, 1178, 246, 1, '2014-12-17 21:41:20'),
(1277, 1, 1178, 748, 1, '2014-12-17 21:41:28'),
(1278, 1, 1845, 1846, 1, '2014-12-17 21:41:41'),
(1280, 1, 1847, 257, 1, '2014-12-17 21:42:17'),
(1281, 1, 1847, 1848, 1, '2014-12-17 21:42:19'),
(1282, 1, 1849, 1850, 1, '2014-12-17 21:42:48'),
(1283, 1, 1849, 1851, 1, '2014-12-17 21:42:52'),
(1284, 1, 1849, 1852, 1, '2014-12-17 21:42:53'),
(1286, 1, 1853, 714, 1, '2014-12-17 21:43:28'),
(1287, 1, 1854, 1855, 1, '2014-12-17 21:44:20'),
(1288, 1, 1856, 1857, 1, '2014-12-17 21:44:35'),
(1289, 1, 1856, 1858, 1, '2014-12-17 21:44:39'),
(1290, 1, 1859, 1860, 1, '2014-12-17 21:44:54'),
(1292, 1, 1861, 1862, 1, '2014-12-17 21:45:24'),
(1293, 1, 1863, 1864, 1, '2014-12-17 21:45:37'),
(1294, 1, 733, 1865, 1, '2014-12-17 21:48:28'),
(1295, 1, 733, 1866, 1, '2014-12-17 21:48:31'),
(1296, 1, 733, 1339, 1, '2014-12-17 21:48:34'),
(1297, 1, 1867, 1868, 1, '2014-12-17 21:48:49'),
(1298, 1, 1869, 1870, 1, '2014-12-17 21:49:03'),
(1299, 1, 1871, 1872, 1, '2014-12-17 21:49:42'),
(1300, 1, 1873, 1874, 1, '2014-12-17 21:50:22'),
(1301, 1, 1873, 1875, 1, '2014-12-17 21:50:24'),
(1302, 1, 1876, 1877, 1, '2014-12-17 21:50:51'),
(1303, 1, 1878, 1879, 1, '2014-12-17 21:51:03'),
(1304, 1, 1880, 1881, 1, '2014-12-17 21:51:12'),
(1305, 1, 1882, 1883, 1, '2014-12-17 21:51:26'),
(1306, 1, 1884, 335, 1, '2014-12-17 21:51:50'),
(1307, 1, 1885, 1886, 1, '2014-12-17 21:52:10'),
(1308, 1, 1885, 1044, 1, '2014-12-17 21:52:13'),
(1311, 1, 1887, 287, 1, '2014-12-17 21:52:50'),
(1312, 1, 1887, 1888, 1, '2014-12-17 21:52:54'),
(1313, 1, 1887, 399, 1, '2014-12-17 21:52:56'),
(1314, 1, 1889, 620, 1, '2014-12-17 21:53:10'),
(1315, 1, 1889, 1890, 1, '2014-12-17 21:53:14'),
(1316, 1, 1889, 1891, 1, '2014-12-17 21:53:18'),
(1317, 1, 1167, 19, 2, '2014-12-17 21:53:42'),
(1319, 1, 1167, 1892, 1, '2014-12-17 21:53:50'),
(1320, 1, 1893, 1894, 1, '2014-12-17 21:54:28'),
(1321, 1, 1895, 1896, 1, '2014-12-17 21:54:56'),
(1322, 1, 1897, 1898, 1, '2014-12-17 21:55:31'),
(1323, 1, 1899, 1900, 1, '2014-12-17 21:55:46'),
(1324, 1, 1901, 1902, 1, '2014-12-17 21:55:59'),
(1325, 1, 1903, 1904, 1, '2014-12-17 21:56:07'),
(1326, 1, 1903, 386, 1, '2014-12-17 21:56:09'),
(1327, 1, 1905, 1906, 1, '2014-12-17 21:56:24'),
(1328, 1, 1905, 1907, 1, '2014-12-17 21:56:26'),
(1329, 1, 1908, 1909, 1, '2014-12-17 21:56:34'),
(1330, 1, 1910, 1911, 1, '2014-12-17 21:56:57'),
(1331, 1, 1912, 1913, 1, '2014-12-17 21:57:22'),
(1332, 1, 1912, 1914, 1, '2014-12-17 21:57:25'),
(1333, 1, 1915, 1916, 1, '2014-12-17 21:57:46'),
(1334, 1, 1917, 1918, 1, '2014-12-17 21:58:05'),
(1335, 1, 1919, 1920, 1, '2014-12-17 21:58:21'),
(1336, 1, 1921, 1922, 1, '2014-12-17 21:58:37'),
(1337, 1, 1923, 1924, 1, '2014-12-17 21:58:56'),
(1338, 1, 1923, 1462, 1, '2014-12-17 21:58:59'),
(1339, 1, 1925, 1926, 1, '2014-12-17 21:59:22'),
(1340, 1, 1927, 1928, 1, '2014-12-17 21:59:44'),
(1341, 1, 1929, 1930, 1, '2014-12-17 21:59:55'),
(1342, 1, 1931, 1015, 1, '2014-12-17 22:04:18'),
(1343, 1, 1932, 1933, 1, '2014-12-17 22:04:29'),
(1344, 1, 1934, 1935, 1, '2014-12-17 22:04:43'),
(1345, 1, 1936, 1937, 1, '2014-12-17 22:04:52'),
(1346, 1, 1938, 1939, 1, '2014-12-17 22:05:12'),
(1348, 1, 402, 1541, 1, '2014-12-17 22:05:53'),
(1350, 1, 1940, 1941, 1, '2014-12-17 22:06:27'),
(1351, 1, 1940, 1942, 1, '2014-12-17 22:06:29'),
(1352, 1, 1943, 1944, 1, '2014-12-17 22:06:38'),
(1353, 1, 1945, 1946, 1, '2014-12-17 22:06:59'),
(1354, 1, 1947, 1948, 1, '2014-12-17 22:07:54'),
(1355, 1, 1949, 1950, 1, '2014-12-17 22:08:06'),
(1356, 1, 1949, 1951, 1, '2014-12-17 22:08:09'),
(1357, 1, 1952, 1953, 1, '2014-12-17 22:08:21'),
(1358, 1, 1952, 1954, 1, '2014-12-17 22:08:24'),
(1359, 1, 1955, 1956, 1, '2014-12-17 22:08:50'),
(1360, 1, 1957, 1958, 1, '2014-12-17 22:08:59'),
(1361, 1, 1959, 1960, 1, '2014-12-17 22:09:11'),
(1362, 1, 1959, 1961, 1, '2014-12-17 22:09:18'),
(1363, 1, 1962, 1963, 1, '2014-12-17 22:09:32'),
(1364, 1, 1964, 1935, 1, '2014-12-17 22:09:54'),
(1365, 1, 1965, 1966, 1, '2014-12-17 22:10:02'),
(1366, 1, 1967, 1470, 2, '2014-12-17 22:10:19'),
(1367, 1, 1968, 1953, 1, '2014-12-17 22:10:26'),
(1368, 1, 1968, 1969, 1, '2014-12-17 22:10:29'),
(1369, 1, 1968, 1970, 1, '2014-12-17 22:10:32'),
(1370, 1, 1971, 1972, 1, '2014-12-17 22:10:38'),
(1371, 1, 1973, 1974, 1, '2014-12-17 22:11:02'),
(1372, 1, 1973, 1975, 2, '2014-12-17 22:11:07'),
(1373, 1, 1976, 1021, 1, '2014-12-18 18:57:23'),
(1374, 1, 1976, 1977, 1, '2014-12-18 18:57:25'),
(1375, 1, 1978, 1979, 1, '2014-12-18 18:58:10'),
(1376, 1, 1980, 1981, 1, '2014-12-18 19:01:36'),
(1377, 1, 1982, 1983, 1, '2014-12-18 19:02:14'),
(1378, 1, 1984, 1985, 1, '2014-12-18 19:03:18'),
(1379, 1, 1984, 1986, 1, '2014-12-18 19:03:21'),
(1380, 1, 173, 1987, 1, '2014-12-18 19:05:03'),
(1381, 1, 1988, 1248, 1, '2014-12-18 19:05:58'),
(1382, 1, 1989, 1067, 1, '2014-12-18 19:06:18'),
(1383, 1, 1989, 1990, 1, '2014-12-18 19:06:21'),
(1384, 1, 707, 1991, 1, '2014-12-18 19:08:43'),
(1385, 1, 1992, 1674, 1, '2014-12-18 19:08:47'),
(1386, 1, 1993, 1994, 1, '2014-12-18 19:11:35'),
(1387, 1, 802, 1995, 1, '2014-12-18 19:14:58'),
(1389, 1, 1996, 1997, 1, '2014-12-18 19:15:56'),
(1390, 1, 1998, 1999, 1, '2014-12-18 19:16:34'),
(1391, 1, 2000, 2001, 1, '2014-12-18 19:16:53'),
(1392, 1, 2002, 2003, 1, '2014-12-18 19:17:50'),
(1393, 1, 2004, 2005, 1, '2014-12-18 19:18:03'),
(1394, 1, 1998, 2006, 1, '2014-12-18 19:18:17'),
(1395, 1, 2007, 2008, 1, '2014-12-18 19:20:13'),
(1396, 1, 2007, 2009, 1, '2014-12-18 19:20:23'),
(1397, 1, 2010, 55, 1, '2014-12-18 19:22:37'),
(1398, 1, 2010, 2011, 1, '2014-12-18 19:22:40'),
(1399, 1, 2012, 2013, 1, '2014-12-18 19:23:25'),
(1400, 1, 2012, 2014, 1, '2014-12-18 19:23:34'),
(1401, 1, 2015, 2016, 1, '2014-12-18 19:23:43'),
(1402, 1, 2017, 2018, 1, '2014-12-18 19:24:39'),
(1403, 1, 2019, 2020, 1, '2014-12-18 20:05:02'),
(1404, 1, 2021, 2022, 1, '2014-12-18 20:05:10'),
(1405, 1, 2023, 2024, 1, '2014-12-18 20:05:20'),
(1406, 1, 2023, 2025, 1, '2014-12-18 20:05:24'),
(1407, 1, 2026, 1248, 1, '2014-12-18 20:05:46'),
(1408, 1, 2026, 709, 1, '2014-12-18 20:05:49'),
(1409, 1, 2026, 2027, 1, '2014-12-18 20:05:53'),
(1410, 1, 2028, 2029, 1, '2014-12-18 20:06:26'),
(1412, 1, 2030, 2031, 1, '2014-12-18 20:06:46'),
(1413, 1, 2032, 2033, 1, '2014-12-18 20:06:53'),
(1414, 1, 2032, 2034, 1, '2014-12-18 20:06:57'),
(1415, 1, 2035, 2036, 1, '2014-12-18 20:07:10'),
(1416, 1, 2037, 2038, 1, '2014-12-18 20:07:15'),
(1417, 1, 2037, 2039, 1, '2014-12-18 20:07:18'),
(1418, 1, 2040, 2041, 1, '2014-12-18 20:07:31'),
(1419, 1, 2040, 2042, 1, '2014-12-18 20:07:33'),
(1420, 1, 2043, 2044, 1, '2014-12-18 20:07:47'),
(1421, 1, 2043, 2045, 1, '2014-12-18 20:07:49'),
(1422, 1, 2043, 2046, 1, '2014-12-18 20:07:53'),
(1423, 1, 2047, 2048, 1, '2014-12-18 20:07:59'),
(1425, 1, 2049, 2050, 1, '2014-12-18 20:47:59'),
(1428, 1, 2051, 2052, 1, '2014-12-18 20:48:39'),
(1429, 1, 2051, 2053, 1, '2014-12-18 20:48:42'),
(1430, 1, 2054, 2055, 1, '2014-12-18 20:48:55'),
(1431, 1, 2054, 2056, 1, '2014-12-18 20:48:59'),
(1433, 1, 2057, 2058, 1, '2014-12-18 20:49:41'),
(1434, 1, 2059, 2060, 1, '2014-12-18 20:49:47'),
(1437, 1, 2061, 2062, 1, '2014-12-18 20:50:29'),
(1438, 1, 2063, 1352, 1, '2014-12-18 20:50:44'),
(1439, 1, 2063, 2064, 1, '2014-12-18 20:50:47'),
(1440, 1, 2065, 2066, 1, '2014-12-18 20:51:00'),
(1441, 1, 2067, 2068, 1, '2014-12-18 20:51:18'),
(1442, 1, 2069, 2070, 1, '2014-12-18 20:51:32'),
(1443, 1, 2071, 1210, 1, '2014-12-18 21:00:51'),
(1444, 1, 2072, 2073, 1, '2014-12-18 21:01:02'),
(1445, 1, 2074, 2075, 1, '2014-12-18 21:01:06'),
(1446, 1, 2076, 2077, 1, '2014-12-19 09:44:59'),
(1447, 1, 263, 1257, 1, '2014-12-19 09:45:13'),
(1449, 1, 2078, 2079, 1, '2014-12-19 09:45:42'),
(1450, 1, 2080, 222, 1, '2014-12-19 09:45:50'),
(1451, 1, 2080, 220, 1, '2014-12-19 09:45:53'),
(1452, 1, 2080, 2081, 1, '2014-12-19 09:45:56'),
(1453, 1, 2082, 2083, 1, '2014-12-19 09:46:11'),
(1454, 1, 2084, 1129, 1, '2014-12-19 09:46:20'),
(1455, 1, 2085, 896, 1, '2014-12-19 09:46:37'),
(1456, 1, 2085, 2086, 1, '2014-12-19 09:46:41'),
(1457, 1, 2087, 2088, 1, '2014-12-19 09:47:00'),
(1458, 1, 1456, 2089, 1, '2014-12-19 09:47:10'),
(1459, 1, 2090, 2091, 1, '2014-12-19 09:47:18'),
(1460, 1, 2092, 2093, 1, '2014-12-19 09:47:29'),
(1461, 1, 2094, 2095, 1, '2014-12-19 09:47:37'),
(1462, 1, 2096, 2097, 1, '2014-12-19 09:47:51'),
(1463, 1, 2098, 918, 1, '2014-12-19 09:48:12'),
(1464, 1, 2098, 2099, 1, '2014-12-19 09:48:17'),
(1465, 1, 2098, 2100, 1, '2014-12-19 09:48:20'),
(1466, 1, 2101, 2102, 1, '2014-12-19 09:48:34'),
(1467, 1, 1063, 2103, 1, '2014-12-19 09:48:43'),
(1468, 1, 1063, 2104, 1, '2014-12-19 09:48:45'),
(1469, 1, 2105, 1295, 1, '2014-12-19 09:49:01'),
(1470, 1, 2105, 1736, 1, '2014-12-19 09:49:04'),
(1471, 1, 2106, 2107, 1, '2014-12-19 09:49:15'),
(1472, 1, 2108, 2109, 1, '2014-12-19 09:49:49'),
(1474, 1, 2110, 2111, 1, '2014-12-19 09:50:09'),
(1475, 1, 2112, 2113, 1, '2014-12-19 09:50:19'),
(1476, 1, 2112, 2114, 1, '2014-12-19 09:50:22'),
(1477, 1, 2112, 483, 1, '2014-12-19 09:50:25'),
(1478, 1, 2115, 1140, 1, '2014-12-19 09:50:35'),
(1479, 1, 2116, 2117, 1, '2014-12-19 09:51:03'),
(1480, 1, 2116, 2118, 1, '2014-12-19 09:51:05'),
(1481, 1, 2119, 2120, 1, '2014-12-19 09:51:15'),
(1482, 1, 2121, 2122, 1, '2014-12-19 09:51:29'),
(1483, 1, 2123, 2124, 1, '2014-12-19 09:51:43'),
(1484, 1, 2125, 2126, 1, '2014-12-19 09:51:53'),
(1485, 1, 2127, 2128, 1, '2014-12-19 09:52:07'),
(1486, 1, 2129, 1906, 1, '2014-12-19 09:52:14'),
(1487, 1, 2129, 1907, 1, '2014-12-19 09:52:17'),
(1488, 1, 2130, 2131, 1, '2014-12-19 09:52:26'),
(1489, 1, 2130, 2132, 1, '2014-12-19 09:52:29'),
(1490, 1, 2133, 2134, 1, '2014-12-19 09:52:47'),
(1491, 1, 2135, 2136, 1, '2014-12-19 09:53:05'),
(1492, 1, 2137, 347, 1, '2014-12-19 09:53:21'),
(1493, 1, 2137, 2138, 1, '2014-12-19 09:53:25'),
(1495, 1, 2139, 2140, 1, '2014-12-19 09:53:50'),
(1496, 1, 2141, 2142, 1, '2014-12-19 09:53:59'),
(1497, 1, 2141, 2143, 1, '2014-12-19 09:54:03'),
(1498, 1, 2141, 2144, 1, '2014-12-19 09:54:06'),
(1499, 1, 2145, 2146, 1, '2014-12-19 09:54:24'),
(1500, 1, 2145, 2147, 1, '2014-12-19 09:54:26'),
(1501, 1, 2148, 2149, 1, '2014-12-19 09:54:36'),
(1502, 1, 2150, 2151, 1, '2014-12-22 13:39:13'),
(1503, 1, 2152, 2153, 1, '2014-12-22 13:39:39'),
(1504, 1, 2154, 2155, 1, '2014-12-22 13:39:48'),
(1505, 1, 2156, 2157, 1, '2014-12-22 13:40:05'),
(1506, 1, 2158, 2159, 1, '2014-12-22 13:40:12'),
(1507, 1, 2160, 1044, 1, '2014-12-22 13:40:23'),
(1508, 1, 2161, 2162, 1, '2014-12-22 13:40:34'),
(1510, 1, 2163, 2164, 1, '2014-12-22 13:41:12'),
(1511, 1, 2165, 564, 1, '2014-12-22 13:41:21'),
(1512, 1, 2166, 1468, 1, '2014-12-22 13:41:30'),
(1513, 1, 2167, 1302, 1, '2014-12-22 13:41:42'),
(1514, 1, 2168, 466, 1, '2014-12-22 13:41:52'),
(1516, 1, 2169, 2170, 1, '2014-12-22 13:42:09'),
(1517, 1, 2171, 2172, 1, '2014-12-22 13:42:19'),
(1518, 1, 2173, 2174, 1, '2014-12-22 13:42:29'),
(1519, 1, 2175, 2176, 1, '2014-12-22 13:42:39'),
(1520, 1, 2177, 2178, 1, '2014-12-22 13:43:15'),
(1521, 1, 2177, 2179, 1, '2014-12-22 13:43:21'),
(1522, 1, 2180, 2181, 1, '2014-12-22 13:43:33'),
(1523, 1, 2180, 2182, 1, '2014-12-22 13:43:35'),
(1524, 1, 2183, 1875, 1, '2014-12-22 13:43:45'),
(1525, 1, 2184, 2185, 1, '2014-12-22 13:43:57'),
(1527, 1, 2186, 2187, 1, '2014-12-22 13:44:42'),
(1528, 1, 2188, 9, 1, '2014-12-22 13:44:52'),
(1529, 1, 2188, 275, 1, '2014-12-22 13:44:53'),
(1530, 1, 2188, 1888, 1, '2014-12-22 13:44:57'),
(1531, 1, 2189, 2190, 1, '2014-12-22 13:45:10'),
(1532, 1, 2189, 2191, 1, '2014-12-22 13:45:13'),
(1533, 1, 2192, 2193, 1, '2014-12-22 13:45:26'),
(1534, 1, 2192, 2194, 1, '2014-12-22 13:45:31'),
(1535, 1, 2195, 2196, 1, '2014-12-22 13:45:43'),
(1536, 1, 2195, 2197, 1, '2014-12-22 13:45:45'),
(1537, 1, 1063, 2198, 1, '2014-12-22 13:45:54'),
(1538, 1, 2199, 2200, 1, '2014-12-22 13:46:04'),
(1539, 1, 2201, 2202, 1, '2014-12-22 13:46:14'),
(1540, 1, 2203, 2204, 1, '2014-12-22 13:46:26'),
(1541, 1, 2205, 2206, 1, '2014-12-22 13:46:45'),
(1542, 1, 2207, 2208, 1, '2014-12-22 13:46:56'),
(1543, 1, 2207, 2209, 1, '2014-12-22 13:46:59'),
(1545, 1, 2210, 2211, 1, '2014-12-22 13:47:41'),
(1546, 1, 2210, 2212, 1, '2014-12-22 13:47:43'),
(1547, 1, 2213, 2214, 1, '2014-12-22 13:48:03'),
(1548, 1, 2213, 1015, 1, '2014-12-22 13:48:09'),
(1549, 1, 2215, 2142, 1, '2014-12-22 13:48:29'),
(1550, 1, 2215, 2144, 1, '2014-12-22 13:48:34'),
(1551, 1, 2216, 2217, 1, '2014-12-22 13:48:44'),
(1552, 1, 2216, 2218, 1, '2014-12-22 13:48:47'),
(1553, 1, 1476, 2219, 1, '2014-12-22 13:49:10'),
(1554, 1, 1476, 2220, 1, '2014-12-22 13:49:13'),
(1555, 1, 2221, 2222, 1, '2014-12-22 13:49:46'),
(1556, 1, 2223, 2224, 1, '2014-12-22 13:50:00'),
(1557, 1, 2225, 2226, 1, '2014-12-22 13:50:15'),
(1558, 1, 1973, 2227, 1, '2014-12-22 13:50:30'),
(1560, 1, 2228, 2229, 1, '2014-12-22 13:51:08'),
(1561, 1, 2228, 2230, 1, '2014-12-22 13:51:12'),
(1562, 1, 2231, 2232, 1, '2014-12-22 13:51:31'),
(1563, 1, 2233, 2234, 1, '2014-12-22 13:51:47'),
(1564, 1, 2235, 224, 1, '2014-12-22 13:51:57'),
(1565, 1, 2236, 834, 1, '2014-12-22 13:52:05'),
(1566, 1, 2236, 2237, 1, '2014-12-22 13:52:08'),
(1567, 1, 2238, 2239, 1, '2014-12-22 13:52:16'),
(1568, 1, 2238, 2240, 1, '2014-12-22 13:52:18'),
(1569, 1, 2241, 1842, 1, '2014-12-22 13:52:39'),
(1570, 1, 2241, 763, 1, '2014-12-22 13:52:41'),
(1571, 1, 2021, 2242, 1, '2014-12-22 13:52:57'),
(1572, 1, 2243, 2244, 1, '2014-12-22 13:53:22'),
(1573, 1, 2245, 1725, 1, '2014-12-22 13:53:31'),
(1574, 1, 2246, 2247, 1, '2014-12-22 13:53:38'),
(1575, 1, 2246, 2248, 1, '2014-12-22 13:53:41');

-- --------------------------------------------------------

--
-- Stellvertreter-Struktur des Views `target_lexemes`
--
CREATE TABLE IF NOT EXISTS `target_lexemes` (
`id` int(10)
,`language` char(2)
,`type` varchar(30)
,`entry` varchar(255)
);
-- --------------------------------------------------------

--
-- Tabellenstruktur für Tabelle `users`
--

CREATE TABLE IF NOT EXISTS `users` (
  `id` int(10) NOT NULL AUTO_INCREMENT,
  `username` varchar(255) NOT NULL,
  `email` varchar(255) NOT NULL,
  `password` varchar(255) NOT NULL,
  `target_language` char(2) NOT NULL,
  `base_language` char(2) NOT NULL,
  `date_joined` timestamp NOT NULL DEFAULT CURRENT_TIMESTAMP,
  PRIMARY KEY (`id`),
  UNIQUE KEY `email` (`email`),
  KEY `user_base_language` (`base_language`),
  KEY `user_target_language` (`target_language`)
) ENGINE=InnoDB  DEFAULT CHARSET=latin1 AUTO_INCREMENT=3 ;

--
-- Daten für Tabelle `users`
--

INSERT INTO `users` (`id`, `username`, `email`, `password`, `target_language`, `base_language`, `date_joined`) VALUES
(1, 'deanrobertcook', 'deanrobertcook@gmail.com', 'password', 'de', 'en', '2014-11-17 07:35:16'),
(2, 'testUser', 'test@test.com', 'password', 'de', 'en', '2014-11-20 11:46:42');

-- --------------------------------------------------------

--
-- Stellvertreter-Struktur des Views `word_list`
--
CREATE TABLE IF NOT EXISTS `word_list` (
`meaningid` int(10)
,`frequency` int(10)
,`targetid` int(10)
,`target_type` varchar(30)
,`target_entry` varchar(255)
,`baseid` int(10)
,`base_entry` varchar(255)
);
-- --------------------------------------------------------

--
-- Stellvertreter-Struktur des Views `word_list_verbose`
--
CREATE TABLE IF NOT EXISTS `word_list_verbose` (
`userid` int(10)
,`meaningid` int(10)
,`frequency` int(10)
,`targetid` int(10)
,`target_language` char(2)
,`target_type` varchar(30)
,`target_entry` varchar(255)
,`baseid` int(10)
,`base_language` char(2)
,`base_type` varchar(30)
,`base_entry` varchar(255)
,`date_entered` timestamp
);
-- --------------------------------------------------------

--
-- Struktur des Views `base_lexemes`
--
DROP TABLE IF EXISTS `base_lexemes`;

CREATE ALGORITHM=UNDEFINED DEFINER=`root`@`localhost` SQL SECURITY DEFINER VIEW `base_lexemes` AS select distinct `meanings`.`id` AS `meaningid`,`meanings`.`targetid` AS `targetid`,`meanings`.`userid` AS `userid`,`meanings`.`frequency` AS `frequency`,`lexemes`.`id` AS `id`,`lexemes`.`language` AS `language`,`lexemes`.`type` AS `type`,`lexemes`.`entry` AS `entry`,`meanings`.`date_entered` AS `date_entered` from (`lexemes` join `meanings` on((`lexemes`.`id` = `meanings`.`baseid`)));

-- --------------------------------------------------------

--
-- Struktur des Views `target_lexemes`
--
DROP TABLE IF EXISTS `target_lexemes`;

CREATE ALGORITHM=UNDEFINED DEFINER=`root`@`localhost` SQL SECURITY DEFINER VIEW `target_lexemes` AS select distinct `lexemes`.`id` AS `id`,`lexemes`.`language` AS `language`,`lexemes`.`type` AS `type`,`lexemes`.`entry` AS `entry` from (`lexemes` join `meanings` on((`lexemes`.`id` = `meanings`.`targetid`)));

-- --------------------------------------------------------

--
-- Struktur des Views `word_list`
--
DROP TABLE IF EXISTS `word_list`;

CREATE ALGORITHM=UNDEFINED DEFINER=`root`@`localhost` SQL SECURITY DEFINER VIEW `word_list` AS select `word_list_verbose`.`meaningid` AS `meaningid`,`word_list_verbose`.`frequency` AS `frequency`,`word_list_verbose`.`targetid` AS `targetid`,`word_list_verbose`.`target_type` AS `target_type`,`word_list_verbose`.`target_entry` AS `target_entry`,`word_list_verbose`.`baseid` AS `baseid`,`word_list_verbose`.`base_entry` AS `base_entry` from `word_list_verbose`;

-- --------------------------------------------------------

--
-- Struktur des Views `word_list_verbose`
--
DROP TABLE IF EXISTS `word_list_verbose`;

CREATE ALGORITHM=UNDEFINED DEFINER=`root`@`localhost` SQL SECURITY DEFINER VIEW `word_list_verbose` AS select `base_lexemes`.`userid` AS `userid`,`base_lexemes`.`meaningid` AS `meaningid`,`base_lexemes`.`frequency` AS `frequency`,`target_lexemes`.`id` AS `targetid`,`target_lexemes`.`language` AS `target_language`,`target_lexemes`.`type` AS `target_type`,`target_lexemes`.`entry` AS `target_entry`,`base_lexemes`.`id` AS `baseid`,`base_lexemes`.`language` AS `base_language`,`base_lexemes`.`type` AS `base_type`,`base_lexemes`.`entry` AS `base_entry`,`base_lexemes`.`date_entered` AS `date_entered` from (`target_lexemes` join `base_lexemes` on((`base_lexemes`.`targetid` = `target_lexemes`.`id`)));

--
-- Constraints der exportierten Tabellen
--

--
-- Constraints der Tabelle `clarifications`
--
ALTER TABLE `clarifications`
  ADD CONSTRAINT `meaning_clarifications` FOREIGN KEY (`meaningid`) REFERENCES `meanings` (`id`) ON DELETE CASCADE ON UPDATE CASCADE;

--
-- Constraints der Tabelle `examples`
--
ALTER TABLE `examples`
  ADD CONSTRAINT `meaning_examples` FOREIGN KEY (`meaningid`) REFERENCES `meanings` (`id`) ON DELETE CASCADE ON UPDATE CASCADE;

--
-- Constraints der Tabelle `lexemes`
--
ALTER TABLE `lexemes`
  ADD CONSTRAINT `lexeme_language` FOREIGN KEY (`language`) REFERENCES `languages` (`iso_639`) ON UPDATE CASCADE;

--
-- Constraints der Tabelle `meanings`
--
ALTER TABLE `meanings`
  ADD CONSTRAINT `base` FOREIGN KEY (`targetid`) REFERENCES `lexemes` (`id`),
  ADD CONSTRAINT `target` FOREIGN KEY (`baseid`) REFERENCES `lexemes` (`id`) ON DELETE CASCADE,
  ADD CONSTRAINT `user_meaning` FOREIGN KEY (`userid`) REFERENCES `users` (`id`);

--
-- Constraints der Tabelle `users`
--
ALTER TABLE `users`
  ADD CONSTRAINT `user_base_language` FOREIGN KEY (`base_language`) REFERENCES `languages` (`iso_639`) ON UPDATE CASCADE,
  ADD CONSTRAINT `user_target_language` FOREIGN KEY (`target_language`) REFERENCES `languages` (`iso_639`) ON UPDATE CASCADE;

/*!40101 SET CHARACTER_SET_CLIENT=@OLD_CHARACTER_SET_CLIENT */;
/*!40101 SET CHARACTER_SET_RESULTS=@OLD_CHARACTER_SET_RESULTS */;
/*!40101 SET COLLATION_CONNECTION=@OLD_COLLATION_CONNECTION */;
