-- phpMyAdmin SQL Dump
-- version 4.0.10deb1
-- http://www.phpmyadmin.net
--
-- Host: localhost
-- Erstellungszeit: 09. Dez 2014 um 11:12
-- Server Version: 5.5.40-0ubuntu0.14.04.1
-- PHP-Version: 5.5.9-1ubuntu4.5

SET SQL_MODE = "NO_AUTO_VALUE_ON_ZERO";
SET time_zone = "+00:00";


/*!40101 SET @OLD_CHARACTER_SET_CLIENT=@@CHARACTER_SET_CLIENT */;
/*!40101 SET @OLD_CHARACTER_SET_RESULTS=@@CHARACTER_SET_RESULTS */;
/*!40101 SET @OLD_COLLATION_CONNECTION=@@COLLATION_CONNECTION */;
/*!40101 SET NAMES utf8 */;

--
-- Datenbank: `myLexicon`
--

-- --------------------------------------------------------

--
-- Stellvertreter-Struktur des Views `base_lexemes`
--
CREATE TABLE IF NOT EXISTS `base_lexemes` (
`meaningid` int(10)
,`targetid` int(10)
,`userid` int(10)
,`id` int(10)
,`language` char(2)
,`entry` varchar(255)
,`date_entered` timestamp
);
-- --------------------------------------------------------

--
-- Tabellenstruktur für Tabelle `clarifications`
--

CREATE TABLE IF NOT EXISTS `clarifications` (
  `id` int(10) NOT NULL AUTO_INCREMENT,
  `meaningid` int(10) NOT NULL,
  `clarification` varchar(255) NOT NULL,
  PRIMARY KEY (`id`),
  KEY `meaning_clarifications` (`meaningid`)
) ENGINE=InnoDB  DEFAULT CHARSET=latin1 AUTO_INCREMENT=3 ;

--
-- Daten für Tabelle `clarifications`
--

INSERT INTO `clarifications` (`id`, `meaningid`, `clarification`) VALUES
(1, 73, 'music'),
(2, 243, 'wine tasting');

-- --------------------------------------------------------

--
-- Tabellenstruktur für Tabelle `examples`
--

CREATE TABLE IF NOT EXISTS `examples` (
  `id` int(10) NOT NULL AUTO_INCREMENT,
  `meaningid` int(10) NOT NULL,
  `example_target` varchar(255) DEFAULT NULL,
  `example_base` varchar(255) NOT NULL,
  PRIMARY KEY (`id`),
  KEY `meaning_examples` (`meaningid`)
) ENGINE=InnoDB  DEFAULT CHARSET=latin1 AUTO_INCREMENT=3 ;

--
-- Daten für Tabelle `examples`
--

INSERT INTO `examples` (`id`, `meaningid`, `example_target`, `example_base`) VALUES
(1, 243, 'fruchtiger Abgang', 'fruity finish'),
(2, 419, 'eine Tafel Schokolade', 'a chocolate bar');

-- --------------------------------------------------------

--
-- Tabellenstruktur für Tabelle `languages`
--

CREATE TABLE IF NOT EXISTS `languages` (
  `name` char(49) DEFAULT NULL,
  `iso_639` char(2) NOT NULL,
  PRIMARY KEY (`iso_639`)
) ENGINE=InnoDB DEFAULT CHARSET=latin1;

--
-- Daten für Tabelle `languages`
--

INSERT INTO `languages` (`name`, `iso_639`) VALUES
('Afar', 'aa'),
('Abkhazian', 'ab'),
('Afrikaans', 'af'),
('Amharic', 'am'),
('Arabic', 'ar'),
('Assamese', 'as'),
('Aymara', 'ay'),
('Azerbaijani', 'az'),
('Bashkir', 'ba'),
('Byelorussian', 'be'),
('Bulgarian', 'bg'),
('Bihari', 'bh'),
('Bislama', 'bi'),
('Bengali/Bangla', 'bn'),
('Tibetan', 'bo'),
('Breton', 'br'),
('Catalan', 'ca'),
('Corsican', 'co'),
('Czech', 'cs'),
('Welsh', 'cy'),
('Danish', 'da'),
('German', 'de'),
('Bhutani', 'dz'),
('Greek', 'el'),
('English', 'en'),
('Esperanto', 'eo'),
('Spanish', 'es'),
('Estonian', 'et'),
('Basque', 'eu'),
('Persian', 'fa'),
('Finnish', 'fi'),
('Fiji', 'fj'),
('Faeroese', 'fo'),
('French', 'fr'),
('Frisian', 'fy'),
('Irish', 'ga'),
('Scots/Gaelic', 'gd'),
('Galician', 'gl'),
('Guarani', 'gn'),
('Gujarati', 'gu'),
('Hausa', 'ha'),
('Hindi', 'hi'),
('Croatian', 'hr'),
('Hungarian', 'hu'),
('Armenian', 'hy'),
('Interlingua', 'ia'),
('Interlingue', 'ie'),
('Inupiak', 'ik'),
('Indonesian', 'in'),
('Icelandic', 'is'),
('Italian', 'it'),
('Hebrew', 'iw'),
('Japanese', 'ja'),
('Yiddish', 'ji'),
('Javanese', 'jw'),
('Georgian', 'ka'),
('Kazakh', 'kk'),
('Greenlandic', 'kl'),
('Cambodian', 'km'),
('Kannada', 'kn'),
('Korean', 'ko'),
('Kashmiri', 'ks'),
('Kurdish', 'ku'),
('Kirghiz', 'ky'),
('Latin', 'la'),
('Lingala', 'ln'),
('Laothian', 'lo'),
('Lithuanian', 'lt'),
('Latvian/Lettish', 'lv'),
('Malagasy', 'mg'),
('Maori', 'mi'),
('Macedonian', 'mk'),
('Malayalam', 'ml'),
('Mongolian', 'mn'),
('Moldavian', 'mo'),
('Marathi', 'mr'),
('Malay', 'ms'),
('Maltese', 'mt'),
('Burmese', 'my'),
('Nauru', 'na'),
('Nepali', 'ne'),
('Dutch', 'nl'),
('Norwegian', 'no'),
('Occitan', 'oc'),
('(Afan)/Oromoor/Oriya', 'om'),
('Punjabi', 'pa'),
('Polish', 'pl'),
('Pashto/Pushto', 'ps'),
('Portuguese', 'pt'),
('Quechua', 'qu'),
('Rhaeto-Romance', 'rm'),
('Kirundi', 'rn'),
('Romanian', 'ro'),
('Russian', 'ru'),
('Kinyarwanda', 'rw'),
('Sanskrit', 'sa'),
('Sindhi', 'sd'),
('Sangro', 'sg'),
('Serbo-Croatian', 'sh'),
('Singhalese', 'si'),
('Slovak', 'sk'),
('Slovenian', 'sl'),
('Samoan', 'sm'),
('Shona', 'sn'),
('Somali', 'so'),
('Albanian', 'sq'),
('Serbian', 'sr'),
('Siswati', 'ss'),
('Sesotho', 'st'),
('Sundanese', 'su'),
('Swedish', 'sv'),
('Swahili', 'sw'),
('Tamil', 'ta'),
('Tegulu', 'te'),
('Tajik', 'tg'),
('Thai', 'th'),
('Tigrinya', 'ti'),
('Turkmen', 'tk'),
('Tagalog', 'tl'),
('Setswana', 'tn'),
('Tonga', 'to'),
('Turkish', 'tr'),
('Tsonga', 'ts'),
('Tatar', 'tt'),
('Twi', 'tw'),
('Ukrainian', 'uk'),
('Urdu', 'ur'),
('Uzbek', 'uz'),
('Vietnamese', 'vi'),
('Volapuk', 'vo'),
('Wolof', 'wo'),
('Xhosa', 'xh'),
('Yoruba', 'yo'),
('Chinese', 'zh'),
('Zulu', 'zu');

-- --------------------------------------------------------

--
-- Tabellenstruktur für Tabelle `lexemes`
--

CREATE TABLE IF NOT EXISTS `lexemes` (
  `id` int(10) NOT NULL AUTO_INCREMENT,
  `language` char(2) NOT NULL,
  `type` varchar(30) DEFAULT NULL,
  `entry` varchar(255) NOT NULL,
  PRIMARY KEY (`id`),
  UNIQUE KEY `unique_lexeme` (`language`,`entry`,`type`),
  KEY `lexeme_language` (`language`)
) ENGINE=InnoDB  DEFAULT CHARSET=latin1 AUTO_INCREMENT=893 ;

--
-- Daten für Tabelle `lexemes`
--

INSERT INTO `lexemes` (`id`, `language`, `type`, `entry`) VALUES
(833, 'de', 'verb', 'abführen'),
(543, 'de', 'verb', 'abschneiden'),
(798, 'de', 'verb', 'absitzen'),
(314, 'de', 'verb', 'abspeichern'),
(392, 'de', 'adjective/adverb', 'allgemein'),
(873, 'de', 'verb', 'anfallen'),
(497, 'de', 'verb', 'anfertigen'),
(845, 'de', 'verb', 'anfordern'),
(448, 'de', 'verb', 'angehen'),
(501, 'de', 'adjective/adverb', 'angesiedelt'),
(744, 'de', 'verb', 'anklagen'),
(566, 'de', 'verb', 'ankündigen'),
(747, 'de', 'verb', 'anlaufen'),
(36, 'de', 'verb', 'annehmen'),
(868, 'de', 'verb', 'anrichten'),
(825, 'de', 'verb', 'anschlagen'),
(169, 'de', 'verb', 'auf die Welt kommen'),
(769, 'de', 'verb', 'auf etw. ankommen'),
(305, 'de', 'verb', 'auf etw. vertrauen'),
(453, 'de', 'verb', 'auf etw. zutreffen'),
(194, 'de', 'adjective/adverb', 'auf Raten'),
(54, 'de', 'verb', 'aufbrechen'),
(802, 'de', 'verb', 'auffallen'),
(762, 'de', 'verb', 'aufführen'),
(112, 'de', 'verb', 'auflegen'),
(577, 'de', 'adjective/adverb', 'aufregend'),
(785, 'de', 'verb', 'aufschlagen'),
(242, 'de', 'verb', 'auftreten'),
(596, 'de', 'adjective/adverb', 'aus dem Stand'),
(341, 'de', 'verb', 'ausbringen'),
(602, 'de', 'adjective/adverb', 'ausdrücklich'),
(299, 'de', 'verb', 'ausflicken'),
(173, 'de', 'adjective/adverb', 'ausführlich'),
(343, 'de', 'verb', 'ausschmücken'),
(260, 'de', 'verb', 'ausüben'),
(554, 'de', 'verb', 'beanspruchen'),
(104, 'de', 'verb', 'begeistern'),
(300, 'de', 'verb', 'bereichern'),
(409, 'de', 'verb', 'bereitstellen'),
(129, 'de', 'verb', 'besitzen'),
(793, 'de', 'verb', 'bestreuen'),
(810, 'de', 'verb', 'bestätigen'),
(404, 'de', 'verb', 'betreffen'),
(165, 'de', 'verb', 'betrügen'),
(78, 'de', 'verb', 'bewältigen'),
(499, 'de', 'adjective/adverb', 'breitgefächert'),
(356, 'de', 'verb', 'brummen'),
(291, 'de', 'verb', 'bügeln'),
(647, 'de', 'noun', 'das Abwasser'),
(690, 'de', 'noun', 'das Anführungszeichen'),
(22, 'de', 'noun', 'das Anschreiben'),
(407, 'de', 'noun', 'das Eignungsverfahren'),
(328, 'de', 'noun', 'das Etikett'),
(352, 'de', 'noun', 'das Fachchinesisch'),
(531, 'de', 'noun', 'das Fadenkreuz'),
(88, 'de', 'noun', 'das Gericht'),
(62, 'de', 'noun', 'das Gerücht'),
(252, 'de', 'noun', 'das Mitleid'),
(136, 'de', 'noun', 'das Sparschwein'),
(365, 'de', 'noun', 'das Stilmittel'),
(51, 'de', 'noun', 'das Ufer'),
(323, 'de', 'noun', 'das Unkraut'),
(30, 'de', 'noun', 'das Verzeichnis'),
(529, 'de', 'noun', 'das Visier'),
(450, 'de', 'noun', 'das Zeugnis'),
(443, 'de', 'noun', 'das Zusammenwirken'),
(649, 'de', 'noun', 'das Zweigwerk'),
(373, 'de', 'noun', 'der Abgang'),
(516, 'de', 'noun', 'der Ablauf'),
(633, 'de', 'noun', 'der Absatz'),
(307, 'de', 'noun', 'der Absturz'),
(669, 'de', 'noun', 'der Ahn'),
(640, 'de', 'noun', 'der Angehörige'),
(154, 'de', 'noun', 'der Anlass'),
(536, 'de', 'noun', 'der Attentäter'),
(387, 'de', 'noun', 'der Aufbau'),
(191, 'de', 'noun', 'der Auftakt'),
(273, 'de', 'noun', 'der Auftrag'),
(138, 'de', 'noun', 'der Bankrott'),
(214, 'de', 'noun', 'der Beamtenapparat'),
(433, 'de', 'noun', 'der Bedarf'),
(286, 'de', 'noun', 'der Begriff'),
(635, 'de', 'noun', 'der Beleg'),
(425, 'de', 'noun', 'der Betreiber'),
(482, 'de', 'noun', 'der Betrieb'),
(478, 'de', 'noun', 'der Bezug'),
(250, 'de', 'noun', 'der Eigenname'),
(563, 'de', 'noun', 'der Einsatz'),
(518, 'de', 'noun', 'der Faden'),
(662, 'de', 'noun', 'der Garant'),
(629, 'de', 'noun', 'der Gefangene'),
(143, 'de', 'noun', 'der Gegenstand'),
(533, 'de', 'noun', 'der Geselle'),
(266, 'de', 'noun', 'der Gleichsetzungsnominativ'),
(270, 'de', 'noun', 'der Gönner'),
(49, 'de', 'noun', 'der Hafen'),
(146, 'de', 'noun', 'der Hai'),
(277, 'de', 'noun', 'der Hals'),
(96, 'de', 'noun', 'der Hubschrauber'),
(367, 'de', 'noun', 'der Kabarettist'),
(184, 'de', 'noun', 'der Kragen'),
(656, 'de', 'noun', 'der Kreis'),
(423, 'de', 'noun', 'der Laie'),
(519, 'de', 'noun', 'der Libero'),
(622, 'de', 'noun', 'der Nachwuchs'),
(557, 'de', 'noun', 'der Notfall'),
(587, 'de', 'noun', 'der Ohrdruck'),
(552, 'de', 'noun', 'der Pate'),
(598, 'de', 'noun', 'der Rauch'),
(538, 'de', 'noun', 'der Reim'),
(318, 'de', 'noun', 'der Schopf'),
(268, 'de', 'noun', 'der Schreiner'),
(686, 'de', 'noun', 'der Schrägstrich'),
(652, 'de', 'noun', 'der Spediteur'),
(90, 'de', 'noun', 'der Stift'),
(198, 'de', 'noun', 'der Umgang'),
(665, 'de', 'noun', 'der Umzug'),
(196, 'de', 'noun', 'der Veranstalter'),
(359, 'de', 'noun', 'der Verlust'),
(569, 'de', 'noun', 'der Verschluss'),
(34, 'de', 'noun', 'der Versprecher'),
(520, 'de', 'noun', 'der Verteiler'),
(24, 'de', 'noun', 'der Vorgang'),
(67, 'de', 'noun', 'der Vorstand'),
(467, 'de', 'noun', 'der Vortragsraum'),
(431, 'de', 'noun', 'der Wandel'),
(631, 'de', 'noun', 'der Zeitgenosse'),
(203, 'de', 'noun', 'der Zuschauer'),
(413, 'de', 'noun', 'die Abteilung'),
(18, 'de', 'noun', 'die Anforderung'),
(459, 'de', 'noun', 'die Ankunft'),
(5, 'de', 'noun', 'die Anleitung'),
(171, 'de', 'noun', 'die Anreise'),
(616, 'de', 'noun', 'die Aufarbeitung'),
(658, 'de', 'noun', 'die Aufmerksamkeit'),
(559, 'de', 'noun', 'die Behandlung'),
(150, 'de', 'noun', 'die Beleidigung'),
(625, 'de', 'noun', 'die Besatzung'),
(469, 'de', 'noun', 'die Betreuung'),
(163, 'de', 'noun', 'die Dachwohnung'),
(371, 'de', 'noun', 'die Ehrfurcht'),
(465, 'de', 'noun', 'die Einrichtung'),
(645, 'de', 'noun', 'die Entsorgung'),
(208, 'de', 'noun', 'die Ergreifung'),
(610, 'de', 'noun', 'die Erkenntnis'),
(429, 'de', 'noun', 'die Erwerbstätigen'),
(330, 'de', 'noun', 'die Etikettierung'),
(28, 'de', 'noun', 'die Fabel'),
(445, 'de', 'noun', 'die Fachkraft'),
(400, 'de', 'noun', 'die Fassung'),
(627, 'de', 'noun', 'die Folter'),
(526, 'de', 'noun', 'die Gasse'),
(457, 'de', 'noun', 'die Gebühr'),
(427, 'de', 'noun', 'die Gesundheitspflege'),
(65, 'de', 'noun', 'die Gewissheit'),
(167, 'de', 'noun', 'die Glühbirne'),
(385, 'de', 'noun', 'die Grundlage'),
(140, 'de', 'noun', 'die Immobilien'),
(210, 'de', 'noun', 'die Initiierung'),
(667, 'de', 'noun', 'die Kaution'),
(688, 'de', 'noun', 'die Klammer'),
(463, 'de', 'noun', 'die Kontaktaufnahme'),
(800, 'de', 'verb', 'die Lautstarke leiser machen'),
(510, 'de', 'noun', 'die Lehrveranstaltung'),
(619, 'de', 'noun', 'die Leistung'),
(524, 'de', 'noun', 'die Marionette'),
(132, 'de', 'noun', 'die Mütze'),
(417, 'de', 'noun', 'die Nachlässigkeit'),
(512, 'de', 'noun', 'die Neigung'),
(612, 'de', 'noun', 'die Niderlage'),
(614, 'de', 'noun', 'die Orgel'),
(230, 'de', 'noun', 'die Probe'),
(480, 'de', 'noun', 'die Raumfahrt'),
(20, 'de', 'noun', 'die Rechnung'),
(320, 'de', 'noun', 'die Redeweise'),
(398, 'de', 'noun', 'die Satzung'),
(98, 'de', 'noun', 'die Sauftour'),
(119, 'de', 'noun', 'die Scheibe'),
(585, 'de', 'noun', 'die Seebrücke'),
(419, 'de', 'noun', 'die Strafe'),
(148, 'de', 'noun', 'die Sünde'),
(671, 'de', 'noun', 'die Tafel'),
(593, 'de', 'noun', 'die Turbine'),
(188, 'de', 'noun', 'die Uraufführung'),
(573, 'de', 'noun', 'die Ursache'),
(561, 'de', 'noun', 'die Vene'),
(476, 'de', 'noun', 'die Verabeitung'),
(506, 'de', 'noun', 'die Veranstaltung'),
(182, 'de', 'noun', 'die Vergnügung'),
(514, 'de', 'noun', 'die Vermittlung'),
(440, 'de', 'noun', 'die Verordnung'),
(643, 'de', 'noun', 'die Versorgung'),
(437, 'de', 'noun', 'die Verwaltung'),
(227, 'de', 'noun', 'die Voraussetzung'),
(472, 'de', 'noun', 'die Vorgehensweise'),
(474, 'de', 'noun', 'die Vorschrift'),
(485, 'de', 'noun', 'die Wirtschaftslehre'),
(334, 'de', 'noun', 'die Übertragung'),
(332, 'de', 'noun', 'die Überwachung'),
(701, 'de', 'verb', 'donnern'),
(579, 'de', 'verb', 'durchmachen'),
(116, 'de', 'verb', 'durchsetzen'),
(822, 'de', 'verb', 'ehren'),
(336, 'de', 'verb', 'einbringen'),
(604, 'de', 'adjective/adverb', 'eindeutig'),
(869, 'de', 'verb', 'einleiten'),
(767, 'de', 'verb', 'einschlagen'),
(378, 'de', 'verb', 'empfehlen'),
(265, 'de', 'verb', 'enthalten'),
(733, 'de', 'verb', 'entnehmen'),
(349, 'de', 'verb', 'erfinden'),
(14, 'de', 'verb', 'erfordern'),
(676, 'de', 'adjective/adverb', 'erhaben'),
(828, 'de', 'verb', 'erheben'),
(707, 'de', 'verb', 'erkennen'),
(127, 'de', 'verb', 'erklären'),
(583, 'de', 'adjective/adverb', 'erlaubt'),
(219, 'de', 'verb', 'erledigen'),
(841, 'de', 'verb', 'errichten'),
(361, 'de', 'adjective/adverb', 'erschöpft'),
(880, 'de', 'verb', 'erteilen'),
(492, 'de', 'verb', 'erwerben'),
(369, 'de', 'verb', 'etw. als etw. anerkennen'),
(679, 'de', 'adjective/adverb', 'ewig'),
(256, 'de', 'verb', 'feststellen'),
(293, 'de', 'verb', 'flicken'),
(411, 'de', 'adjective/adverb', 'folgendermaßen'),
(887, 'de', 'verb', 'freischalten'),
(848, 'de', 'verb', 'für etw. einstehen'),
(345, 'de', 'adjective/adverb', 'geeignet'),
(705, 'de', 'verb', 'gehorchen'),
(100, 'de', 'adjective/adverb', 'gelaunt'),
(843, 'de', 'verb', 'gelingen'),
(186, 'de', 'adjective/adverb', 'gelockert'),
(738, 'de', 'verb', 'geschehen'),
(402, 'de', 'adjective/adverb', 'gültig'),
(796, 'de', 'verb', 'gähnen'),
(804, 'de', 'adjective/adverb', 'hauptsächlich'),
(683, 'de', 'adjective/adverb', 'heiter'),
(717, 'de', 'verb', 'hervorbringen'),
(720, 'de', 'verb', 'holen'),
(152, 'de', 'adjective/adverb', 'im Namen von'),
(383, 'de', 'adjective/adverb', 'im Wesentlichen'),
(396, 'de', 'adjective/adverb', 'jeweils'),
(877, 'de', 'verb', 'jmdm. anfallen'),
(69, 'de', 'verb', 'jmdm. etw. mitteilen'),
(73, 'de', 'verb', 'jmdm. für etw. loben'),
(110, 'de', 'adjective/adverb', 'jmdm. zu Ehren'),
(42, 'de', 'verb', 'jmdm. zum Schweigen bringen'),
(724, 'de', 'verb', 'jmdn. anekeln'),
(102, 'de', 'verb', 'jubeln'),
(547, 'de', 'adjective/adverb', 'klaffend'),
(740, 'de', 'verb', 'klagen'),
(697, 'de', 'verb', 'knurren'),
(703, 'de', 'verb', 'krachen'),
(461, 'de', 'noun', 'kurze Wege'),
(326, 'de', 'adjective/adverb', 'legendär'),
(726, 'de', 'verb', 'leisten'),
(223, 'de', 'verb', 'liefern'),
(60, 'de', 'verb', 'losgehen'),
(177, 'de', 'verb', 'lösen'),
(711, 'de', 'verb', 'mit jmdm. tändeln'),
(755, 'de', 'verb', 'mit jmdm. verkehren'),
(85, 'de', 'verb', 'monieren'),
(247, 'de', 'adjective/adverb', 'pflegeleicht'),
(699, 'de', 'verb', 'poltern'),
(455, 'de', 'adjective/adverb', 'ratsam'),
(673, 'de', 'noun', 'Reihe'),
(607, 'de', 'verb', 'reißen'),
(813, 'de', 'verb', 'rütteln'),
(758, 'de', 'verb', 'schachten'),
(310, 'de', 'verb', 'scheitern'),
(856, 'de', 'verb', 'schieben'),
(238, 'de', 'adjective/adverb', 'schlagartig'),
(695, 'de', 'verb', 'schnarren'),
(693, 'de', 'verb', 'schnauben'),
(122, 'de', 'adjective/adverb', 'schnurstracks'),
(134, 'de', 'verb', 'Schwein haben'),
(108, 'de', 'verb', 'schütteln'),
(550, 'de', 'adjective/adverb', 'seiden'),
(283, 'de', 'verb', 'sich als etw. entpuppen'),
(390, 'de', 'verb', 'sich als etw. gestalten'),
(808, 'de', 'verb', 'sich an einem Ort befinden'),
(751, 'de', 'verb', 'sich an etw. beteiligen'),
(375, 'de', 'verb', 'sich an etw. richten'),
(820, 'de', 'verb', 'sich auf etw. begeben'),
(236, 'de', 'verb', 'sich auf etw. verlassen'),
(589, 'de', 'verb', 'sich bei etw. ertappen'),
(114, 'de', 'verb', 'sich durchsetzen'),
(487, 'de', 'verb', 'sich erstrecken'),
(777, 'de', 'verb', 'sich etw. einfallen lassen'),
(540, 'de', 'verb', 'sich etw. gönnen'),
(731, 'de', 'verb', 'sich etw. widmen'),
(106, 'de', 'verb', 'sich für etw. begeistern'),
(339, 'de', 'verb', 'sich in etw. einbringen'),
(713, 'de', 'verb', 'sich mit etw. befassen'),
(806, 'de', 'verb', 'sich um etw. drehen'),
(160, 'de', 'verb', 'sich um etw. kümmern'),
(1, 'de', 'verb', 'sich von jmdm. verabschieden'),
(490, 'de', 'verb', 'sich über etw. erstrecken'),
(92, 'de', 'verb', 'sperren'),
(595, 'de', 'adjective/adverb', 'spontan'),
(75, 'de', 'adjective/adverb', 'stellvertretend'),
(816, 'de', 'verb', 'stocken'),
(837, 'de', 'verb', 'stoßen'),
(835, 'de', 'verb', 'tauchen'),
(890, 'de', 'verb', 'to accompany so.'),
(780, 'de', 'verb', 'traben'),
(354, 'de', 'verb', 'täuschen'),
(263, 'de', 'verb', 'umfassen'),
(216, 'de', 'adjective/adverb', 'umfassend'),
(280, 'de', 'adjective/adverb', 'unausführbar'),
(212, 'de', 'adjective/adverb', 'undicht'),
(279, 'de', 'adjective/adverb', 'unmöglich'),
(591, 'de', 'adjective/adverb', 'unordentlich'),
(736, 'de', 'verb', 'unterlassen'),
(45, 'de', 'verb', 'verdrängen'),
(10, 'de', 'verb', 'verfassen'),
(421, 'de', 'verb', 'verhängen'),
(782, 'de', 'verb', 'verknüpfen'),
(415, 'de', 'verb', 'verlangen'),
(234, 'de', 'verb', 'verlassen'),
(884, 'de', 'verb', 'vermeiden'),
(158, 'de', 'adjective/adverb', 'vermählt'),
(851, 'de', 'verb', 'vermögen'),
(789, 'de', 'verb', 'verquirlen'),
(831, 'de', 'verb', 'verrechnen'),
(600, 'de', 'verb', 'versagen'),
(855, 'de', 'verb', 'verschieben'),
(863, 'de', 'verb', 'verschlingen'),
(302, 'de', 'verb', 'voraussagen'),
(380, 'de', 'adjective/adverb', 'wesentlich'),
(774, 'de', 'verb', 'wuseln'),
(41, 'de', 'verb', 'über eine Fertigkeit verfügen'),
(39, 'de', 'verb', 'über eine Fähigkeit verfügen'),
(753, 'de', 'verb', 'übernehmen'),
(503, 'de', 'adjective/adverb', 'üblicherweise'),
(791, 'de', 'verb', 'zerlassen'),
(771, 'de', 'verb', 'zerlegen'),
(608, 'de', 'verb', 'zerreißen'),
(82, 'de', 'verb', 'zerschlagen'),
(156, 'de', 'adjective/adverb', 'zu besonderen Anlässen'),
(605, 'de', 'verb', 'zu etw. überwechseln'),
(124, 'de', 'verb', 'zu Gesicht bekommen'),
(206, 'de', 'verb', 'zurückliegen'),
(297, 'de', 'verb', 'zusammenflicken'),
(795, 'de', 'verb', 'zusammenklappen'),
(494, 'de', 'verb', 'zuteilen'),
(239, 'en', 'adjective/adverb', 'abrupt'),
(479, 'en', 'noun', 'acquisition'),
(442, 'en', 'noun', 'act'),
(509, 'en', 'noun', 'activity'),
(438, 'en', 'noun', 'administration'),
(456, 'en', 'adjective/adverb', 'advisable'),
(642, 'en', 'noun', 'affiliate'),
(576, 'en', 'noun', 'agent'),
(528, 'en', 'noun', 'alley'),
(584, 'en', 'adjective/adverb', 'allowed'),
(670, 'en', 'noun', 'ancestor'),
(464, 'en', 'noun', 'approach'),
(347, 'en', 'adjective/adverb', 'appropriate'),
(460, 'en', 'noun', 'arrival'),
(26, 'en', 'noun', 'art'),
(412, 'en', 'adjective/adverb', 'as follows'),
(537, 'en', 'noun', 'assassin'),
(276, 'en', 'noun', 'assignment'),
(471, 'en', 'noun', 'assistance'),
(77, 'en', 'adjective/adverb', 'assistant'),
(534, 'en', 'noun', 'assistant'),
(201, 'en', 'noun', 'association'),
(228, 'en', 'noun', 'assumption'),
(659, 'en', 'noun', 'attention'),
(204, 'en', 'noun', 'audience'),
(611, 'en', 'noun', 'awareness'),
(372, 'en', 'noun', 'awe'),
(53, 'en', 'noun', 'bank'),
(139, 'en', 'noun', 'bankruptcy'),
(672, 'en', 'noun', 'bar'),
(386, 'en', 'noun', 'basis'),
(271, 'en', 'noun', 'benefactor'),
(21, 'en', 'noun', 'bill'),
(668, 'en', 'noun', 'bond'),
(689, 'en', 'noun', 'bracket'),
(650, 'en', 'noun', 'branch'),
(215, 'en', 'noun', 'bureaucracy'),
(483, 'en', 'noun', 'business'),
(368, 'en', 'noun', 'cabaret artist'),
(133, 'en', 'noun', 'cap'),
(269, 'en', 'noun', 'carpenter'),
(655, 'en', 'noun', 'carrier'),
(574, 'en', 'noun', 'cause'),
(66, 'en', 'noun', 'certainty'),
(451, 'en', 'noun', 'certificate'),
(232, 'en', 'noun', 'challenge'),
(432, 'en', 'noun', 'change'),
(255, 'en', 'noun', 'charity'),
(684, 'en', 'adjective/adverb', 'cheerful'),
(657, 'en', 'noun', 'circle'),
(570, 'en', 'noun', 'closure'),
(185, 'en', 'noun', 'collar'),
(565, 'en', 'noun', 'commitment'),
(394, 'en', 'adjective/adverb', 'common'),
(217, 'en', 'adjective/adverb', 'comprehensive'),
(660, 'en', 'noun', 'concentration'),
(289, 'en', 'noun', 'concept'),
(229, 'en', 'noun', 'condition'),
(199, 'en', 'noun', 'contact'),
(632, 'en', 'noun', 'contemporary'),
(678, 'en', 'adjective/adverb', 'convex'),
(444, 'en', 'noun', 'cooperation'),
(23, 'en', 'noun', 'correspondence'),
(511, 'en', 'noun', 'course'),
(89, 'en', 'noun', 'court'),
(308, 'en', 'noun', 'crash'),
(626, 'en', 'noun', 'crew'),
(532, 'en', 'noun', 'crosshairs'),
(613, 'en', 'noun', 'defeat'),
(288, 'en', 'noun', 'definition'),
(436, 'en', 'noun', 'demand'),
(414, 'en', 'noun', 'department'),
(76, 'en', 'adjective/adverb', 'deputy'),
(174, 'en', 'adjective/adverb', 'detailed'),
(462, 'en', 'noun', 'direct communication'),
(9, 'en', 'noun', 'direction'),
(121, 'en', 'noun', 'disc'),
(523, 'en', 'noun', 'distributor'),
(638, 'en', 'noun', 'document'),
(248, 'en', 'adjective/adverb', 'easy to clean'),
(486, 'en', 'noun', 'economics'),
(621, 'en', 'noun', 'effort'),
(175, 'en', 'adjective/adverb', 'elaborate'),
(408, 'en', 'noun', 'eligibility test'),
(558, 'en', 'noun', 'emergency'),
(381, 'en', 'adjective/adverb', 'essential'),
(384, 'en', 'adjective/adverb', 'essentially'),
(507, 'en', 'noun', 'event'),
(681, 'en', 'adjective/adverb', 'everlasting'),
(578, 'en', 'adjective/adverb', 'exciting'),
(362, 'en', 'adjective/adverb', 'exhausted'),
(603, 'en', 'adjective/adverb', 'explicit'),
(200, 'en', 'noun', 'exposure'),
(218, 'en', 'adjective/adverb', 'extensive'),
(29, 'en', 'noun', 'fable'),
(466, 'en', 'noun', 'facility'),
(309, 'en', 'noun', 'fall'),
(458, 'en', 'noun', 'fee'),
(374, 'en', 'noun', 'finish'),
(484, 'en', 'noun', 'firm'),
(189, 'en', 'noun', 'first release'),
(680, 'en', 'adjective/adverb', 'forever'),
(382, 'en', 'adjective/adverb', 'fundamental'),
(548, 'en', 'adjective/adverb', 'gaping'),
(393, 'en', 'adjective/adverb', 'general'),
(553, 'en', 'noun', 'godparent'),
(663, 'en', 'noun', 'guarantor'),
(8, 'en', 'noun', 'guidance'),
(50, 'en', 'noun', 'harbour'),
(653, 'en', 'noun', 'hauler'),
(428, 'en', 'noun', 'health care'),
(97, 'en', 'noun', 'helicopter'),
(101, 'en', 'adjective/adverb', 'humoured'),
(290, 'en', 'noun', 'idea'),
(281, 'en', 'adjective/adverb', 'impossible'),
(176, 'en', 'adjective/adverb', 'in detail'),
(195, 'en', 'adjective/adverb', 'in installments'),
(111, 'en', 'adjective/adverb', 'in so.''s honour'),
(513, 'en', 'noun', 'inclination'),
(33, 'en', 'noun', 'index'),
(211, 'en', 'noun', 'initiation'),
(151, 'en', 'noun', 'insult'),
(145, 'en', 'noun', 'item'),
(586, 'en', 'noun', 'jetty'),
(172, 'en', 'noun', 'journey'),
(535, 'en', 'noun', 'journeyman'),
(193, 'en', 'noun', 'kick-off'),
(329, 'en', 'noun', 'label'),
(331, 'en', 'noun', 'labelling'),
(430, 'en', 'noun', 'labour force'),
(527, 'en', 'noun', 'lane'),
(322, 'en', 'noun', 'language'),
(572, 'en', 'noun', 'latch'),
(424, 'en', 'noun', 'layman'),
(213, 'en', 'adjective/adverb', 'leaky'),
(468, 'en', 'noun', 'lecture hall'),
(327, 'en', 'adjective/adverb', 'legendary'),
(168, 'en', 'noun', 'light bulb'),
(675, 'en', 'noun', 'line'),
(31, 'en', 'noun', 'list'),
(571, 'en', 'noun', 'lock'),
(360, 'en', 'noun', 'loss'),
(249, 'en', 'adjective/adverb', 'low-maintenance'),
(68, 'en', 'noun', 'management'),
(321, 'en', 'noun', 'manner of speaking'),
(159, 'en', 'adjective/adverb', 'married'),
(641, 'en', 'noun', 'member'),
(805, 'en', 'adjective/adverb', 'mostly'),
(666, 'en', 'noun', 'move'),
(654, 'en', 'noun', 'mover'),
(63, 'en', 'noun', 'myth'),
(278, 'en', 'noun', 'neck'),
(435, 'en', 'noun', 'need'),
(418, 'en', 'noun', 'neglect'),
(624, 'en', 'noun', 'next generation'),
(144, 'en', 'noun', 'object'),
(155, 'en', 'noun', 'occasion'),
(597, 'en', 'adjective/adverb', 'off the top of one''s head'),
(153, 'en', 'adjective/adverb', 'on behalf of'),
(157, 'en', 'adjective/adverb', 'on special occasions'),
(651, 'en', 'noun', 'operation'),
(426, 'en', 'noun', 'operator'),
(275, 'en', 'noun', 'order'),
(615, 'en', 'noun', 'organ'),
(389, 'en', 'noun', 'organisation'),
(197, 'en', 'noun', 'organiser'),
(395, 'en', 'adjective/adverb', 'overall'),
(634, 'en', 'noun', 'paragraph'),
(91, 'en', 'noun', 'pen'),
(164, 'en', 'noun', 'penthouse'),
(620, 'en', 'noun', 'performance'),
(682, 'en', 'adjective/adverb', 'perpetual'),
(137, 'en', 'noun', 'piggy bank'),
(253, 'en', 'noun', 'pity'),
(515, 'en', 'noun', 'placement'),
(183, 'en', 'noun', 'pleasure'),
(588, 'en', 'noun', 'popping ears'),
(267, 'en', 'noun', 'predicate nominative'),
(190, 'en', 'noun', 'premiere'),
(508, 'en', 'noun', 'presentation'),
(630, 'en', 'noun', 'prisoner'),
(27, 'en', 'noun', 'procedure'),
(25, 'en', 'noun', 'process'),
(240, 'en', 'adjective/adverb', 'prompt'),
(636, 'en', 'noun', 'proof'),
(348, 'en', 'adjective/adverb', 'proper'),
(251, 'en', 'noun', 'proper noun'),
(141, 'en', 'noun', 'property'),
(475, 'en', 'noun', 'provision'),
(99, 'en', 'noun', 'pub crawl'),
(420, 'en', 'noun', 'punishment'),
(525, 'en', 'noun', 'puppet'),
(446, 'en', 'noun', 'qualified person'),
(692, 'en', 'noun', 'quotation marks'),
(691, 'en', 'noun', 'quotes'),
(677, 'en', 'adjective/adverb', 'raised'),
(142, 'en', 'noun', 'real estate'),
(575, 'en', 'noun', 'reason'),
(637, 'en', 'noun', 'record'),
(617, 'en', 'noun', 'refurbishment'),
(32, 'en', 'noun', 'register'),
(399, 'en', 'noun', 'regulation'),
(618, 'en', 'noun', 'rehabilitation'),
(187, 'en', 'adjective/adverb', 'relaxed'),
(646, 'en', 'noun', 'removal'),
(452, 'en', 'noun', 'report'),
(19, 'en', 'noun', 'requirement'),
(502, 'en', 'adjective/adverb', 'resident'),
(397, 'en', 'adjective/adverb', 'respective'),
(539, 'en', 'noun', 'rhyme'),
(674, 'en', 'noun', 'row'),
(64, 'en', 'noun', 'rumour'),
(231, 'en', 'noun', 'sample'),
(209, 'en', 'noun', 'seizure'),
(147, 'en', 'noun', 'shark'),
(52, 'en', 'noun', 'shore'),
(530, 'en', 'noun', 'sight'),
(551, 'en', 'adjective/adverb', 'silken'),
(149, 'en', 'noun', 'sin'),
(447, 'en', 'noun', 'skilled labour'),
(687, 'en', 'noun', 'slash'),
(120, 'en', 'noun', 'slice'),
(35, 'en', 'noun', 'slip of the tongue'),
(599, 'en', 'noun', 'smoke'),
(481, 'en', 'noun', 'space flight'),
(205, 'en', 'noun', 'spectator'),
(363, 'en', 'adjective/adverb', 'spent'),
(272, 'en', 'noun', 'sponsor'),
(192, 'en', 'noun', 'start'),
(123, 'en', 'adjective/adverb', 'straightaway'),
(388, 'en', 'noun', 'structure'),
(366, 'en', 'noun', 'stylistic element'),
(241, 'en', 'adjective/adverb', 'sudden'),
(346, 'en', 'adjective/adverb', 'suitable'),
(333, 'en', 'noun', 'supervision'),
(644, 'en', 'noun', 'supply'),
(470, 'en', 'noun', 'support'),
(522, 'en', 'noun', 'sweeper'),
(254, 'en', 'noun', 'sympathy'),
(274, 'en', 'noun', 'task'),
(353, 'en', 'noun', 'technical jargon'),
(287, 'en', 'noun', 'term'),
(233, 'en', 'noun', 'test'),
(661, 'en', 'noun', 'thoughtfulness'),
(521, 'en', 'noun', 'thread'),
(37, 'en', 'verb', 'to accept'),
(891, 'en', 'verb', 'to accompany'),
(748, 'en', 'verb', 'to accrue'),
(875, 'en', 'verb', 'to accumulate'),
(745, 'en', 'verb', 'to accuse'),
(727, 'en', 'verb', 'to achieve'),
(812, 'en', 'verb', 'to acknowledge'),
(370, 'en', 'verb', 'to acknowledge sth. as sth.'),
(493, 'en', 'verb', 'to acquire'),
(376, 'en', 'verb', 'to address sth.'),
(849, 'en', 'verb', 'to advocate sth.'),
(495, 'en', 'verb', 'to allocate'),
(541, 'en', 'verb', 'to allow onself sth.'),
(83, 'en', 'verb', 'to annihilate'),
(567, 'en', 'verb', 'to announce'),
(245, 'en', 'verb', 'to appear'),
(454, 'en', 'verb', 'to apply to sth.'),
(243, 'en', 'verb', 'to arise'),
(878, 'en', 'verb', 'to assault so.'),
(258, 'en', 'verb', 'to assert'),
(496, 'en', 'verb', 'to assign'),
(757, 'en', 'verb', 'to associate with so.'),
(784, 'en', 'verb', 'to attach'),
(879, 'en', 'verb', 'to attack so.'),
(892, 'en', 'verb', 'to attend so.'),
(803, 'en', 'verb', 'to attract attention'),
(12, 'en', 'verb', 'to author'),
(885, 'en', 'verb', 'to avoid'),
(170, 'en', 'verb', 'to be born'),
(852, 'en', 'verb', 'to be capable'),
(716, 'en', 'verb', 'to be concerned with sth.'),
(107, 'en', 'verb', 'to be crazy about sth.'),
(377, 'en', 'verb', 'to be directed at sth.'),
(135, 'en', 'verb', 'to be lucky'),
(850, 'en', 'verb', 'to be responsible for sth.'),
(776, 'en', 'verb', 'to be teeming'),
(94, 'en', 'verb', 'to block out'),
(700, 'en', 'verb', 'to bluster'),
(313, 'en', 'verb', 'to break down'),
(337, 'en', 'verb', 'to bring in'),
(358, 'en', 'verb', 'to buzz'),
(262, 'en', 'verb', 'to carry out'),
(590, 'en', 'verb', 'to catch oneself doing sth.'),
(125, 'en', 'verb', 'to catch sight of'),
(807, 'en', 'verb', 'to centre on sth.'),
(746, 'en', 'verb', 'to charge'),
(166, 'en', 'verb', 'to cheat'),
(103, 'en', 'verb', 'to cheer'),
(555, 'en', 'verb', 'to claim'),
(546, 'en', 'verb', 'to clip'),
(311, 'en', 'verb', 'to collapse'),
(778, 'en', 'verb', 'to come up with sth.'),
(40, 'en', 'verb', 'to command a skill'),
(872, 'en', 'verb', 'to commence'),
(86, 'en', 'verb', 'to complain'),
(222, 'en', 'verb', 'to complete'),
(74, 'en', 'verb', 'to compliment so. on sth.'),
(13, 'en', 'verb', 'to compose'),
(406, 'en', 'verb', 'to concern'),
(811, 'en', 'verb', 'to confirm'),
(783, 'en', 'verb', 'to connect'),
(264, 'en', 'verb', 'to contain'),
(786, 'en', 'verb', 'to crack'),
(704, 'en', 'verb', 'to crash'),
(87, 'en', 'verb', 'to criticise'),
(735, 'en', 'verb', 'to cull'),
(761, 'en', 'verb', 'to cut down'),
(544, 'en', 'verb', 'to cut off'),
(787, 'en', 'verb', 'to dash'),
(207, 'en', 'verb', 'to date back'),
(714, 'en', 'verb', 'to deal with sth.'),
(355, 'en', 'verb', 'to deceive'),
(259, 'en', 'verb', 'to declare'),
(344, 'en', 'verb', 'to decorate'),
(732, 'en', 'verb', 'to dedicate oneself to sth.'),
(862, 'en', 'verb', 'to delay'),
(15, 'en', 'verb', 'to demand'),
(770, 'en', 'verb', 'to depend on sth.'),
(257, 'en', 'verb', 'to determine'),
(246, 'en', 'verb', 'to develop'),
(351, 'en', 'verb', 'to devise'),
(865, 'en', 'verb', 'to devour'),
(759, 'en', 'verb', 'to dig'),
(823, 'en', 'verb', 'to dignify'),
(773, 'en', 'verb', 'to disassemble'),
(888, 'en', 'verb', 'to disconnect'),
(772, 'en', 'verb', 'to dismantle'),
(799, 'en', 'verb', 'to dismount'),
(48, 'en', 'verb', 'to displace'),
(792, 'en', 'verb', 'to dissolve'),
(836, 'en', 'verb', 'to dive'),
(842, 'en', 'verb', 'to draw up'),
(861, 'en', 'verb', 'to edge'),
(284, 'en', 'verb', 'to emerge as sth.'),
(117, 'en', 'verb', 'to enforce'),
(864, 'en', 'verb', 'to engulf'),
(301, 'en', 'verb', 'to enrich'),
(760, 'en', 'verb', 'to excavate'),
(221, 'en', 'verb', 'to execute'),
(581, 'en', 'verb', 'to experience'),
(128, 'en', 'verb', 'to explain'),
(489, 'en', 'verb', 'to extend'),
(312, 'en', 'verb', 'to fail'),
(722, 'en', 'verb', 'to fetch'),
(809, 'en', 'verb', 'to find oneself in a place'),
(220, 'en', 'verb', 'to finish'),
(712, 'en', 'verb', 'to flirt with so.'),
(768, 'en', 'verb', 'to fold in'),
(303, 'en', 'verb', 'to forecast'),
(178, 'en', 'verb', 'to free'),
(718, 'en', 'verb', 'to generate'),
(723, 'en', 'verb', 'to get'),
(582, 'en', 'verb', 'to go through'),
(881, 'en', 'verb', 'to grant'),
(817, 'en', 'verb', 'to halt'),
(739, 'en', 'verb', 'to happen'),
(824, 'en', 'verb', 'to honour'),
(357, 'en', 'verb', 'to hum'),
(710, 'en', 'verb', 'to identify'),
(422, 'en', 'verb', 'to impose'),
(876, 'en', 'verb', 'to incur'),
(542, 'en', 'verb', 'to indulge in sth.'),
(72, 'en', 'verb', 'to inform so. about sth.'),
(749, 'en', 'verb', 'to initiate'),
(105, 'en', 'verb', 'to inspire'),
(338, 'en', 'verb', 'to introduce'),
(350, 'en', 'verb', 'to invent'),
(292, 'en', 'verb', 'to iron'),
(889, 'en', 'verb', 'to isolate'),
(882, 'en', 'verb', 'to issue'),
(840, 'en', 'verb', 'to jerk'),
(815, 'en', 'verb', 'to jiggle'),
(55, 'en', 'verb', 'to leave'),
(829, 'en', 'verb', 'to lift'),
(764, 'en', 'verb', 'to list'),
(95, 'en', 'verb', 'to lock'),
(162, 'en', 'verb', 'to look after sth.'),
(847, 'en', 'verb', 'to make a request'),
(80, 'en', 'verb', 'to manage'),
(317, 'en', 'verb', 'to memorize'),
(295, 'en', 'verb', 'to mend'),
(756, 'en', 'verb', 'to mix with so.'),
(859, 'en', 'verb', 'to move'),
(16, 'en', 'verb', 'to necessitate'),
(737, 'en', 'verb', 'to neglect'),
(568, 'en', 'verb', 'to notify'),
(706, 'en', 'verb', 'to obey'),
(715, 'en', 'verb', 'to occupy oneself with sth.'),
(244, 'en', 'verb', 'to occur'),
(81, 'en', 'verb', 'to overcome'),
(130, 'en', 'verb', 'to own'),
(294, 'en', 'verb', 'to patch'),
(298, 'en', 'verb', 'to patch up'),
(834, 'en', 'verb', 'to pay'),
(261, 'en', 'verb', 'to perform'),
(113, 'en', 'verb', 'to play'),
(340, 'en', 'verb', 'to play a part in sth.'),
(131, 'en', 'verb', 'to possess'),
(304, 'en', 'verb', 'to predict'),
(115, 'en', 'verb', 'to prevail'),
(886, 'en', 'verb', 'to prevent'),
(342, 'en', 'verb', 'to produce'),
(224, 'en', 'verb', 'to provide'),
(118, 'en', 'verb', 'to push'),
(830, 'en', 'verb', 'to raise'),
(696, 'en', 'verb', 'to rasp'),
(488, 'en', 'verb', 'to reach'),
(709, 'en', 'verb', 'to realise'),
(708, 'en', 'verb', 'to recognise'),
(379, 'en', 'verb', 'to recommend'),
(405, 'en', 'verb', 'to regard'),
(237, 'en', 'verb', 'to rely on sth.'),
(734, 'en', 'verb', 'to remove'),
(296, 'en', 'verb', 'to repair'),
(47, 'en', 'verb', 'to replace'),
(846, 'en', 'verb', 'to request'),
(17, 'en', 'verb', 'to require'),
(180, 'en', 'verb', 'to resolve'),
(315, 'en', 'verb', 'to save'),
(2, 'en', 'verb', 'to say goodbye'),
(765, 'en', 'verb', 'to schedule'),
(775, 'en', 'verb', 'to scurry'),
(126, 'en', 'verb', 'to set eyes on'),
(109, 'en', 'verb', 'to shake'),
(71, 'en', 'verb', 'to share sth. with so.'),
(858, 'en', 'verb', 'to shift'),
(725, 'en', 'verb', 'to sicken so.'),
(43, 'en', 'verb', 'to silence so.'),
(181, 'en', 'verb', 'to slacken'),
(860, 'en', 'verb', 'to slide'),
(818, 'en', 'verb', 'to slow down'),
(84, 'en', 'verb', 'to smash'),
(854, 'en', 'verb', 'to smash in'),
(698, 'en', 'verb', 'to snarl'),
(694, 'en', 'verb', 'to snort'),
(179, 'en', 'verb', 'to solve'),
(491, 'en', 'verb', 'to span over'),
(763, 'en', 'verb', 'to specify'),
(794, 'en', 'verb', 'to sprinkle'),
(819, 'en', 'verb', 'to stagnate'),
(870, 'en', 'verb', 'to start'),
(93, 'en', 'verb', 'to stop'),
(316, 'en', 'verb', 'to store'),
(788, 'en', 'verb', 'to strike'),
(844, 'en', 'verb', 'to succeed'),
(741, 'en', 'verb', 'to sue'),
(46, 'en', 'verb', 'to supersede'),
(728, 'en', 'verb', 'to supply'),
(38, 'en', 'verb', 'to suppose'),
(866, 'en', 'verb', 'to swallow up'),
(606, 'en', 'verb', 'to switch over to sth.'),
(79, 'en', 'verb', 'to tackle'),
(161, 'en', 'verb', 'to take care of sth.'),
(826, 'en', 'verb', 'to take effect'),
(3, 'en', 'verb', 'to take one''s leave of so.'),
(754, 'en', 'verb', 'to take over'),
(752, 'en', 'verb', 'to take part in sth.'),
(821, 'en', 'verb', 'to take to sth.'),
(609, 'en', 'verb', 'to tear'),
(70, 'en', 'verb', 'to tell so. sth.'),
(779, 'en', 'verb', 'to think of sth.'),
(839, 'en', 'verb', 'to thrust'),
(702, 'en', 'verb', 'to thunder'),
(545, 'en', 'verb', 'to trim'),
(781, 'en', 'verb', 'to trot'),
(306, 'en', 'verb', 'to trust in sth.'),
(801, 'en', 'verb', 'to turn down the volume'),
(285, 'en', 'verb', 'to turn out to be sth.'),
(580, 'en', 'verb', 'to undergo'),
(742, 'en', 'verb', 'to wail'),
(790, 'en', 'verb', 'to whisk'),
(827, 'en', 'verb', 'to work'),
(867, 'en', 'verb', 'to wreak'),
(11, 'en', 'verb', 'to write'),
(797, 'en', 'verb', 'to yawn'),
(628, 'en', 'noun', 'torture'),
(335, 'en', 'noun', 'transfer'),
(560, 'en', 'noun', 'treatment'),
(319, 'en', 'noun', 'tuft'),
(594, 'en', 'noun', 'turbine'),
(504, 'en', 'adjective/adverb', 'typically'),
(282, 'en', 'adjective/adverb', 'unfeasible'),
(592, 'en', 'adjective/adverb', 'untidy'),
(564, 'en', 'noun', 'use'),
(505, 'en', 'adjective/adverb', 'usually'),
(403, 'en', 'adjective/adverb', 'valid'),
(562, 'en', 'noun', 'vein'),
(401, 'en', 'noun', 'version'),
(648, 'en', 'noun', 'waste water'),
(324, 'en', 'noun', 'weed'),
(325, 'en', 'noun', 'weeds'),
(549, 'en', 'adjective/adverb', 'wide open'),
(500, 'en', 'adjective/adverb', 'wide-ranging'),
(477, 'en', 'noun', 'workmanship'),
(364, 'en', 'adjective/adverb', 'worn out'),
(623, 'en', 'noun', 'young'),
(4, 'fr', 'verb', 'congédier qn.');

-- --------------------------------------------------------

--
-- Tabellenstruktur für Tabelle `meanings`
--

CREATE TABLE IF NOT EXISTS `meanings` (
  `id` int(10) NOT NULL AUTO_INCREMENT,
  `userid` int(10) DEFAULT NULL,
  `targetid` int(10) NOT NULL,
  `baseid` int(10) NOT NULL,
  `frequency` int(10) NOT NULL DEFAULT '1',
  `date_entered` timestamp NOT NULL DEFAULT CURRENT_TIMESTAMP,
  PRIMARY KEY (`id`),
  UNIQUE KEY `unique_meaning_per_user_constraint` (`targetid`,`baseid`,`userid`),
  KEY `base` (`targetid`),
  KEY `target` (`baseid`),
  KEY `user_meaning` (`userid`)
) ENGINE=InnoDB  DEFAULT CHARSET=latin1 AUTO_INCREMENT=555 ;

--
-- Daten für Tabelle `meanings`
--

INSERT INTO `meanings` (`id`, `userid`, `targetid`, `baseid`, `frequency`, `date_entered`) VALUES
(1, 1, 1, 2, 1, '2014-11-17 07:37:55'),
(2, 1, 1, 3, 1, '2014-11-17 08:09:21'),
(3, 1, 1, 4, 1, '2014-11-17 08:42:13'),
(4, 1, 5, 8, 1, '2014-11-18 08:37:34'),
(5, 1, 5, 9, 1, '2014-11-18 08:39:18'),
(6, 1, 10, 11, 1, '2014-11-18 08:41:49'),
(7, 1, 10, 12, 1, '2014-11-18 08:41:53'),
(8, 1, 10, 13, 1, '2014-11-18 08:42:01'),
(10, 1, 14, 15, 1, '2014-11-18 08:53:27'),
(11, 1, 14, 16, 1, '2014-11-18 08:53:34'),
(12, 1, 14, 17, 1, '2014-11-18 08:53:39'),
(14, 1, 18, 19, 1, '2014-11-18 08:55:07'),
(15, 1, 20, 21, 1, '2014-11-18 08:57:02'),
(16, 1, 22, 23, 1, '2014-11-18 08:57:55'),
(17, 1, 24, 25, 1, '2014-11-18 08:59:05'),
(18, 1, 24, 26, 1, '2014-11-18 08:59:10'),
(19, 1, 24, 27, 1, '2014-11-18 08:59:14'),
(20, 1, 28, 29, 1, '2014-11-18 09:00:39'),
(22, 1, 30, 31, 1, '2014-11-18 09:04:37'),
(23, 1, 30, 32, 1, '2014-11-18 09:04:41'),
(24, 1, 30, 33, 1, '2014-11-18 09:04:49'),
(25, 1, 34, 35, 1, '2014-11-18 09:05:52'),
(26, 1, 36, 37, 1, '2014-11-18 09:07:02'),
(27, 1, 36, 38, 1, '2014-11-18 09:07:09'),
(28, 1, 39, 40, 1, '2014-11-18 09:19:35'),
(29, 1, 41, 40, 1, '2014-11-18 09:19:35'),
(30, 1, 42, 43, 1, '2014-11-18 09:25:59'),
(31, 1, 45, 46, 1, '2014-11-19 08:07:19'),
(32, 1, 45, 47, 1, '2014-11-19 08:07:36'),
(33, 1, 45, 48, 1, '2014-11-19 08:08:15'),
(34, 1, 49, 50, 1, '2014-11-19 08:10:33'),
(35, 1, 51, 52, 1, '2014-11-19 08:11:31'),
(36, 1, 51, 53, 1, '2014-11-19 08:11:40'),
(37, 1, 54, 55, 1, '2014-11-19 08:14:04'),
(39, 1, 60, 55, 1, '2014-11-19 08:14:04'),
(41, 1, 62, 63, 1, '2014-11-19 08:34:57'),
(42, 1, 62, 64, 1, '2014-11-19 08:35:01'),
(44, 1, 65, 66, 1, '2014-11-19 08:46:54'),
(45, 1, 67, 68, 1, '2014-11-19 08:48:27'),
(46, 1, 69, 70, 1, '2014-11-19 08:50:18'),
(47, 1, 69, 71, 1, '2014-11-19 08:50:39'),
(48, 1, 69, 72, 1, '2014-11-19 08:50:54'),
(49, 1, 73, 74, 1, '2014-11-19 08:53:16'),
(50, 1, 75, 76, 1, '2014-11-19 09:18:53'),
(51, 1, 75, 77, 1, '2014-11-19 09:19:00'),
(52, 1, 78, 79, 1, '2014-11-19 09:21:10'),
(53, 1, 78, 80, 1, '2014-11-19 09:21:16'),
(54, 1, 78, 81, 1, '2014-11-19 09:21:19'),
(55, 1, 82, 83, 1, '2014-11-19 09:32:28'),
(57, 1, 82, 84, 1, '2014-11-19 09:32:44'),
(58, 1, 85, 86, 1, '2014-11-19 09:34:45'),
(59, 1, 85, 87, 1, '2014-11-19 09:34:54'),
(60, 1, 88, 89, 1, '2014-11-19 09:36:07'),
(61, 1, 90, 91, 1, '2014-11-19 14:28:12'),
(62, 1, 92, 93, 1, '2014-11-19 14:30:50'),
(63, 1, 92, 94, 1, '2014-11-19 14:30:56'),
(64, 1, 92, 95, 1, '2014-11-19 14:31:05'),
(65, 1, 96, 97, 1, '2014-11-19 14:33:05'),
(66, 1, 98, 99, 1, '2014-11-19 14:34:21'),
(67, 1, 100, 101, 1, '2014-11-19 14:35:59'),
(68, 1, 102, 103, 1, '2014-11-19 14:36:40'),
(69, 1, 104, 105, 1, '2014-11-19 14:38:04'),
(70, 1, 106, 107, 1, '2014-11-19 14:38:44'),
(71, 1, 108, 109, 1, '2014-11-19 14:39:22'),
(72, 1, 110, 111, 1, '2014-11-19 14:42:53'),
(73, 1, 112, 113, 1, '2014-11-19 14:47:23'),
(74, 1, 114, 115, 1, '2014-11-19 15:02:18'),
(75, 1, 116, 117, 1, '2014-11-19 15:03:19'),
(76, 1, 116, 118, 1, '2014-11-19 15:03:25'),
(77, 1, 119, 120, 1, '2014-11-19 15:05:36'),
(78, 1, 119, 121, 1, '2014-11-19 15:05:45'),
(79, 1, 122, 123, 1, '2014-11-19 15:10:20'),
(84, 1, 124, 125, 1, '2014-11-20 12:31:09'),
(85, 1, 124, 126, 1, '2014-11-20 12:31:11'),
(86, 1, 127, 128, 1, '2014-11-20 12:33:26'),
(87, 1, 129, 130, 1, '2014-11-20 12:34:39'),
(88, 1, 129, 131, 1, '2014-11-20 12:34:41'),
(89, 1, 132, 133, 1, '2014-11-20 12:36:41'),
(90, 1, 134, 135, 1, '2014-11-20 12:38:36'),
(91, 1, 136, 137, 1, '2014-11-20 12:39:26'),
(92, 1, 138, 139, 1, '2014-11-20 12:40:05'),
(93, 1, 140, 141, 1, '2014-11-20 12:40:53'),
(94, 1, 140, 142, 1, '2014-11-20 12:40:56'),
(95, 1, 143, 144, 1, '2014-11-20 12:41:38'),
(96, 1, 143, 145, 1, '2014-11-20 12:41:41'),
(97, 1, 146, 147, 1, '2014-11-20 12:42:09'),
(98, 1, 148, 149, 1, '2014-11-20 12:43:18'),
(99, 1, 150, 151, 1, '2014-11-20 12:44:03'),
(100, 1, 152, 153, 1, '2014-11-20 12:47:20'),
(101, 1, 154, 155, 1, '2014-11-20 12:47:59'),
(102, 1, 156, 157, 1, '2014-11-20 12:49:02'),
(103, 1, 158, 159, 1, '2014-11-20 12:50:31'),
(105, 1, 160, 161, 1, '2014-11-20 12:53:27'),
(106, 1, 160, 162, 1, '2014-11-20 12:53:31'),
(107, 1, 163, 164, 1, '2014-11-20 12:54:48'),
(108, 1, 165, 166, 1, '2014-11-20 12:57:26'),
(109, 1, 167, 168, 1, '2014-11-20 12:58:24'),
(110, 1, 169, 170, 1, '2014-11-20 13:00:43'),
(111, 1, 171, 172, 1, '2014-11-20 13:02:39'),
(112, 1, 173, 174, 1, '2014-11-20 13:04:11'),
(113, 1, 173, 175, 1, '2014-11-20 13:04:14'),
(114, 1, 173, 176, 1, '2014-11-20 13:04:16'),
(115, 1, 177, 178, 1, '2014-11-20 13:05:45'),
(116, 1, 177, 179, 1, '2014-11-20 13:05:48'),
(117, 1, 177, 180, 1, '2014-11-20 13:05:51'),
(118, 1, 177, 181, 1, '2014-11-20 13:05:55'),
(119, 1, 182, 183, 1, '2014-11-20 13:06:52'),
(120, 1, 184, 185, 1, '2014-11-20 13:08:03'),
(121, 1, 186, 187, 1, '2014-11-20 13:08:55'),
(122, 1, 188, 189, 1, '2014-11-20 13:10:54'),
(123, 1, 188, 190, 1, '2014-11-20 13:10:57'),
(125, 1, 191, 192, 1, '2014-11-20 13:12:05'),
(126, 1, 191, 193, 1, '2014-11-20 13:12:08'),
(128, 1, 194, 195, 1, '2014-11-20 13:13:14'),
(129, 1, 196, 197, 1, '2014-11-20 13:14:19'),
(130, 1, 198, 199, 1, '2014-11-20 13:15:02'),
(132, 1, 198, 200, 1, '2014-11-20 13:15:26'),
(133, 1, 198, 201, 1, '2014-11-20 13:15:50'),
(134, 1, 203, 204, 1, '2014-11-20 13:18:09'),
(135, 1, 203, 205, 1, '2014-11-20 13:18:15'),
(136, 1, 206, 207, 1, '2014-11-20 13:19:29'),
(137, 1, 208, 209, 1, '2014-11-20 13:20:16'),
(138, 1, 210, 211, 1, '2014-11-20 13:20:49'),
(139, 1, 212, 213, 1, '2014-11-20 13:23:24'),
(140, 1, 214, 215, 1, '2014-11-20 13:24:27'),
(141, 1, 216, 217, 1, '2014-11-20 13:25:20'),
(142, 1, 216, 218, 1, '2014-11-20 13:25:23'),
(143, 1, 219, 220, 2, '2014-11-20 13:26:49'),
(145, 1, 219, 221, 2, '2014-11-20 13:26:56'),
(146, 1, 219, 222, 2, '2014-11-20 13:26:59'),
(147, 1, 223, 224, 1, '2014-11-21 02:39:21'),
(148, 1, 227, 19, 1, '2014-11-21 02:41:58'),
(149, 1, 227, 228, 1, '2014-11-21 02:43:03'),
(150, 1, 227, 229, 1, '2014-11-21 02:43:05'),
(151, 1, 230, 231, 1, '2014-11-21 03:10:26'),
(152, 1, 230, 232, 1, '2014-11-21 03:10:30'),
(153, 1, 230, 233, 1, '2014-11-21 03:10:34'),
(154, 1, 234, 55, 1, '2014-11-21 03:15:13'),
(155, 1, 236, 237, 1, '2014-11-21 03:16:13'),
(156, 1, 238, 239, 1, '2014-11-21 03:20:19'),
(157, 1, 238, 240, 1, '2014-11-21 03:20:21'),
(158, 1, 238, 241, 1, '2014-11-21 03:20:26'),
(159, 1, 242, 243, 1, '2014-11-21 03:22:04'),
(160, 1, 242, 244, 1, '2014-11-21 03:22:08'),
(161, 1, 242, 245, 1, '2014-11-21 03:22:12'),
(162, 1, 242, 246, 1, '2014-11-21 03:22:15'),
(163, 1, 247, 248, 1, '2014-11-21 03:24:28'),
(164, 1, 247, 249, 1, '2014-11-21 03:24:31'),
(165, 1, 250, 251, 1, '2014-11-21 03:25:30'),
(166, 1, 252, 253, 1, '2014-11-21 03:26:51'),
(167, 1, 252, 254, 1, '2014-11-21 03:26:55'),
(168, 1, 252, 255, 1, '2014-11-21 03:26:59'),
(169, 1, 256, 257, 1, '2014-11-21 03:28:39'),
(170, 1, 256, 258, 1, '2014-11-21 03:28:42'),
(171, 1, 256, 259, 1, '2014-11-21 03:28:45'),
(172, 1, 260, 261, 1, '2014-11-21 03:33:55'),
(173, 1, 260, 262, 1, '2014-11-21 03:33:57'),
(174, 1, 263, 264, 1, '2014-11-21 04:14:21'),
(175, 1, 265, 264, 1, '2014-11-21 04:14:54'),
(176, 1, 266, 267, 1, '2014-11-21 04:59:24'),
(177, 1, 268, 269, 1, '2014-11-21 05:00:18'),
(178, 1, 270, 271, 1, '2014-11-21 05:01:02'),
(179, 1, 270, 272, 1, '2014-11-21 05:01:04'),
(180, 1, 273, 274, 1, '2014-11-21 05:01:52'),
(181, 1, 273, 275, 1, '2014-11-21 05:01:54'),
(182, 1, 273, 276, 1, '2014-11-21 05:01:57'),
(183, 1, 277, 278, 1, '2014-11-21 05:02:42'),
(184, 1, 279, 281, 1, '2014-11-21 05:04:26'),
(185, 1, 279, 282, 1, '2014-11-21 05:04:28'),
(186, 1, 280, 281, 1, '2014-11-21 05:05:00'),
(187, 1, 280, 282, 1, '2014-11-21 05:05:08'),
(188, 1, 283, 284, 1, '2014-11-21 05:07:02'),
(189, 1, 283, 285, 1, '2014-11-21 05:07:53'),
(190, 1, 286, 287, 1, '2014-11-21 05:11:24'),
(191, 1, 286, 288, 1, '2014-11-21 05:11:30'),
(192, 1, 286, 289, 1, '2014-11-21 05:11:37'),
(193, 1, 286, 290, 1, '2014-11-21 05:11:41'),
(194, 1, 291, 292, 1, '2014-11-21 05:12:38'),
(195, 1, 293, 294, 1, '2014-11-22 05:15:17'),
(196, 1, 293, 295, 1, '2014-11-22 05:15:30'),
(197, 1, 293, 296, 1, '2014-11-22 05:15:41'),
(198, 1, 297, 298, 1, '2014-11-22 05:16:40'),
(199, 1, 299, 298, 1, '2014-11-22 05:17:02'),
(200, 1, 300, 301, 1, '2014-11-22 05:17:44'),
(201, 1, 302, 303, 1, '2014-11-22 05:19:17'),
(202, 1, 302, 304, 1, '2014-11-22 05:19:26'),
(203, 1, 305, 306, 1, '2014-11-22 05:28:58'),
(204, 1, 307, 308, 1, '2014-11-22 05:30:12'),
(205, 1, 307, 309, 1, '2014-11-22 05:30:14'),
(206, 1, 310, 311, 1, '2014-11-22 05:31:49'),
(207, 1, 310, 312, 1, '2014-11-22 05:31:56'),
(208, 1, 310, 313, 1, '2014-11-22 05:31:59'),
(209, 1, 314, 315, 1, '2014-11-22 05:33:19'),
(210, 1, 314, 316, 1, '2014-11-22 05:33:22'),
(211, 1, 314, 317, 1, '2014-11-22 05:33:25'),
(212, 1, 318, 319, 1, '2014-11-22 05:34:18'),
(213, 1, 321, 322, 1, '2014-11-22 05:35:52'),
(214, 1, 323, 324, 1, '2014-11-22 05:36:59'),
(215, 1, 323, 325, 1, '2014-11-22 05:37:01'),
(216, 1, 326, 327, 1, '2014-11-22 05:38:05'),
(217, 1, 328, 329, 1, '2014-11-22 05:39:24'),
(218, 1, 330, 331, 1, '2014-11-22 05:39:54'),
(219, 1, 332, 333, 1, '2014-11-22 05:40:37'),
(220, 1, 334, 335, 1, '2014-11-22 05:41:30'),
(221, 1, 336, 337, 1, '2014-11-22 05:42:46'),
(222, 1, 336, 338, 1, '2014-11-22 05:42:48'),
(223, 1, 339, 340, 1, '2014-11-22 05:43:30'),
(224, 1, 341, 342, 1, '2014-11-22 06:10:31'),
(225, 1, 343, 344, 1, '2014-11-22 06:12:28'),
(226, 1, 345, 346, 1, '2014-11-22 06:13:36'),
(227, 1, 345, 347, 1, '2014-11-22 06:13:38'),
(228, 1, 345, 348, 1, '2014-11-22 06:13:41'),
(229, 1, 349, 350, 1, '2014-11-22 06:14:42'),
(230, 1, 349, 351, 1, '2014-11-22 06:14:44'),
(231, 1, 352, 353, 1, '2014-11-22 06:15:31'),
(232, 1, 354, 355, 1, '2014-11-22 06:16:56'),
(233, 1, 356, 357, 1, '2014-11-22 06:34:58'),
(234, 1, 356, 358, 1, '2014-11-22 06:35:00'),
(235, 1, 359, 360, 1, '2014-11-22 06:36:25'),
(236, 1, 361, 362, 1, '2014-11-22 06:37:21'),
(237, 1, 361, 363, 1, '2014-11-22 06:37:37'),
(238, 1, 361, 364, 1, '2014-11-22 06:37:39'),
(239, 1, 365, 366, 1, '2014-11-22 06:38:26'),
(240, 1, 367, 368, 1, '2014-11-22 06:40:20'),
(241, 1, 369, 370, 1, '2014-11-22 06:41:27'),
(242, 1, 371, 372, 2, '2014-11-22 06:47:27'),
(243, 1, 373, 374, 1, '2014-11-22 06:47:36'),
(244, 1, 375, 376, 1, '2014-11-23 02:39:46'),
(245, 1, 375, 377, 1, '2014-11-23 02:39:48'),
(246, 1, 378, 379, 1, '2014-11-23 02:40:29'),
(247, 1, 380, 381, 1, '2014-11-23 02:41:15'),
(248, 1, 380, 382, 1, '2014-11-23 02:41:17'),
(249, 1, 383, 384, 1, '2014-11-23 02:44:33'),
(250, 1, 385, 386, 1, '2014-11-23 02:44:37'),
(251, 1, 387, 388, 2, '2014-11-23 02:46:45'),
(252, 1, 387, 389, 2, '2014-11-23 02:46:49'),
(253, 1, 390, 285, 1, '2014-11-23 02:48:42'),
(254, 1, 392, 393, 1, '2014-11-23 02:49:45'),
(255, 1, 392, 394, 1, '2014-11-23 02:49:48'),
(256, 1, 392, 395, 1, '2014-11-23 02:49:50'),
(257, 1, 396, 397, 1, '2014-11-23 02:50:52'),
(258, 1, 398, 399, 1, '2014-11-23 03:03:15'),
(259, 1, 400, 401, 1, '2014-11-23 03:04:08'),
(260, 1, 402, 403, 1, '2014-11-23 03:04:49'),
(261, 1, 404, 405, 1, '2014-11-23 03:06:50'),
(262, 1, 404, 406, 1, '2014-11-23 03:06:52'),
(263, 1, 407, 408, 1, '2014-11-23 03:11:03'),
(264, 1, 409, 224, 1, '2014-11-23 03:12:25'),
(265, 1, 411, 412, 1, '2014-11-23 04:31:26'),
(266, 1, 413, 414, 2, '2014-11-23 04:32:38'),
(267, 1, 415, 17, 1, '2014-11-23 04:36:40'),
(269, 1, 417, 418, 1, '2014-11-23 04:38:30'),
(270, 1, 419, 420, 1, '2014-11-23 04:39:59'),
(271, 1, 421, 422, 1, '2014-11-23 04:40:55'),
(272, 1, 423, 424, 1, '2014-11-23 04:41:25'),
(273, 1, 425, 426, 1, '2014-11-23 04:42:16'),
(274, 1, 427, 428, 1, '2014-11-23 04:42:58'),
(275, 1, 429, 430, 1, '2014-11-23 04:43:58'),
(276, 1, 431, 432, 1, '2014-11-23 04:44:23'),
(278, 1, 433, 435, 1, '2014-11-23 04:46:51'),
(279, 1, 433, 436, 1, '2014-11-23 04:46:55'),
(280, 1, 437, 438, 1, '2014-11-23 04:48:19'),
(281, 1, 437, 68, 1, '2014-11-23 04:48:25'),
(282, 1, 440, 442, 1, '2014-11-23 04:51:40'),
(283, 1, 440, 399, 1, '2014-11-23 04:51:47'),
(284, 1, 443, 444, 1, '2014-11-23 04:53:38'),
(285, 1, 445, 446, 1, '2014-11-23 04:55:03'),
(286, 1, 445, 447, 1, '2014-11-23 04:55:24'),
(287, 1, 448, 79, 2, '2014-11-23 04:58:47'),
(290, 1, 453, 454, 1, '2014-11-23 05:04:31'),
(291, 1, 455, 456, 1, '2014-11-23 05:10:02'),
(292, 1, 457, 458, 1, '2014-11-23 05:14:08'),
(293, 1, 459, 460, 1, '2014-11-25 07:37:53'),
(294, 1, 461, 462, 1, '2014-11-25 07:40:43'),
(295, 1, 463, 464, 1, '2014-11-25 07:42:12'),
(296, 1, 465, 466, 2, '2014-11-25 07:43:03'),
(297, 1, 467, 468, 1, '2014-11-25 07:43:29'),
(298, 1, 469, 470, 2, '2014-11-25 07:45:37'),
(299, 1, 469, 471, 2, '2014-11-25 07:45:39'),
(300, 1, 472, 464, 1, '2014-11-25 07:47:29'),
(301, 1, 474, 475, 1, '2014-11-25 07:49:30'),
(302, 1, 476, 477, 1, '2014-11-25 07:49:37'),
(303, 1, 478, 479, 1, '2014-11-25 07:52:20'),
(304, 1, 480, 481, 1, '2014-11-25 07:52:51'),
(305, 1, 482, 483, 1, '2014-11-25 07:53:49'),
(306, 1, 482, 484, 1, '2014-11-25 07:53:53'),
(307, 1, 485, 486, 1, '2014-11-25 07:55:13'),
(308, 1, 487, 488, 1, '2014-11-25 07:57:14'),
(309, 1, 487, 489, 1, '2014-11-25 07:57:16'),
(310, 1, 490, 491, 1, '2014-11-25 07:57:25'),
(312, 1, 492, 493, 1, '2014-11-25 07:58:23'),
(313, 1, 494, 495, 1, '2014-11-25 08:06:39'),
(315, 1, 494, 496, 1, '2014-11-25 08:07:40'),
(316, 1, 497, 342, 1, '2014-11-25 08:08:37'),
(317, 1, 499, 500, 1, '2014-11-25 08:13:02'),
(318, 1, 501, 502, 1, '2014-11-25 08:13:42'),
(319, 1, 503, 504, 1, '2014-11-25 08:15:18'),
(320, 1, 503, 505, 1, '2014-11-25 08:15:23'),
(321, 1, 506, 507, 1, '2014-11-25 08:20:31'),
(322, 1, 506, 508, 1, '2014-11-25 08:20:39'),
(323, 1, 506, 509, 1, '2014-11-25 08:20:41'),
(324, 1, 510, 511, 1, '2014-11-25 08:21:14'),
(325, 1, 512, 513, 1, '2014-11-25 08:21:52'),
(326, 1, 514, 515, 1, '2014-11-25 08:23:14'),
(327, 1, 516, 25, 1, '2014-11-25 08:24:23'),
(328, 1, 518, 521, 1, '2014-11-25 10:21:55'),
(329, 1, 519, 522, 1, '2014-11-25 10:22:04'),
(330, 1, 520, 523, 1, '2014-11-25 10:22:10'),
(331, 1, 524, 525, 1, '2014-11-25 10:23:32'),
(332, 1, 526, 527, 1, '2014-11-25 10:24:34'),
(333, 1, 526, 528, 1, '2014-11-25 10:24:37'),
(334, 1, 529, 530, 1, '2014-11-25 10:27:04'),
(335, 1, 531, 532, 1, '2014-11-25 10:27:56'),
(336, 1, 533, 534, 1, '2014-11-25 10:29:10'),
(337, 1, 533, 535, 1, '2014-11-25 10:29:12'),
(338, 1, 536, 537, 1, '2014-11-25 10:30:21'),
(339, 1, 538, 539, 1, '2014-11-25 10:33:38'),
(341, 1, 540, 541, 1, '2014-11-25 10:35:38'),
(342, 1, 540, 542, 1, '2014-11-25 10:35:40'),
(343, 1, 543, 544, 1, '2014-11-25 10:36:49'),
(344, 1, 543, 545, 1, '2014-11-25 10:36:51'),
(345, 1, 543, 546, 1, '2014-11-25 10:36:54'),
(346, 1, 547, 548, 1, '2014-11-25 10:37:50'),
(347, 1, 547, 549, 1, '2014-11-25 10:37:51'),
(348, 1, 550, 551, 1, '2014-11-25 10:38:26'),
(349, 1, 552, 553, 1, '2014-11-25 11:08:53'),
(350, 1, 554, 555, 1, '2014-11-25 11:09:43'),
(351, 1, 557, 558, 1, '2014-11-25 11:24:48'),
(352, 1, 559, 560, 1, '2014-11-25 11:25:38'),
(353, 1, 561, 562, 1, '2014-11-25 11:26:26'),
(354, 1, 564, 565, 1, '2014-11-25 11:27:20'),
(355, 1, 566, 567, 1, '2014-11-25 11:28:16'),
(356, 1, 566, 568, 1, '2014-11-25 11:28:18'),
(359, 1, 573, 574, 1, '2014-11-25 11:30:26'),
(360, 1, 573, 575, 1, '2014-11-25 11:30:29'),
(361, 1, 573, 576, 1, '2014-11-25 11:30:30'),
(362, 1, 577, 578, 1, '2014-11-25 11:31:09'),
(363, 1, 579, 580, 1, '2014-11-25 11:32:04'),
(364, 1, 579, 581, 1, '2014-11-25 11:32:06'),
(365, 1, 579, 582, 1, '2014-11-25 11:32:10'),
(366, 1, 583, 584, 1, '2014-12-04 10:58:05'),
(367, 1, 585, 586, 1, '2014-12-04 10:59:49'),
(368, 1, 587, 588, 1, '2014-12-04 11:01:26'),
(369, 1, 589, 590, 1, '2014-12-04 11:04:21'),
(370, 1, 591, 592, 1, '2014-12-04 11:07:00'),
(371, 1, 595, 597, 1, '2014-12-04 11:28:14'),
(372, 1, 595, 596, 1, '2014-12-04 11:28:17'),
(373, 1, 598, 599, 1, '2014-12-04 11:29:18'),
(374, 1, 600, 312, 1, '2014-12-04 11:31:30'),
(375, 1, 602, 603, 1, '2014-12-04 11:34:06'),
(376, 1, 604, 603, 1, '2014-12-04 11:34:59'),
(377, 1, 607, 609, 1, '2014-12-04 11:40:15'),
(378, 1, 608, 609, 1, '2014-12-04 11:40:20'),
(379, 1, 569, 570, 1, '2014-12-04 11:43:06'),
(380, 1, 569, 571, 1, '2014-12-04 11:43:08'),
(381, 1, 569, 572, 1, '2014-12-04 11:43:12'),
(382, 1, 610, 611, 1, '2014-12-04 11:46:33'),
(383, 1, 612, 613, 1, '2014-12-04 11:51:55'),
(384, 1, 614, 615, 1, '2014-12-05 08:11:59'),
(385, 1, 616, 617, 1, '2014-12-05 08:13:14'),
(386, 1, 616, 618, 1, '2014-12-05 08:13:17'),
(387, 1, 619, 620, 1, '2014-12-05 08:13:55'),
(388, 1, 619, 621, 1, '2014-12-05 08:13:56'),
(389, 1, 622, 623, 1, '2014-12-05 08:15:01'),
(390, 1, 622, 624, 1, '2014-12-05 08:15:04'),
(391, 1, 625, 626, 1, '2014-12-05 08:15:39'),
(392, 1, 627, 628, 1, '2014-12-05 08:16:04'),
(393, 1, 629, 630, 1, '2014-12-05 08:17:29'),
(394, 1, 631, 632, 1, '2014-12-05 08:18:51'),
(395, 1, 633, 634, 1, '2014-12-05 08:19:21'),
(396, 1, 635, 636, 1, '2014-12-05 08:20:22'),
(397, 1, 635, 637, 1, '2014-12-05 08:20:24'),
(398, 1, 635, 638, 1, '2014-12-05 08:20:47'),
(399, 1, 640, 641, 1, '2014-12-05 08:23:18'),
(400, 1, 640, 642, 1, '2014-12-05 08:23:19'),
(401, 1, 643, 644, 1, '2014-12-05 08:24:05'),
(402, 1, 645, 646, 1, '2014-12-05 08:24:50'),
(403, 1, 647, 648, 1, '2014-12-05 08:25:10'),
(404, 1, 649, 650, 1, '2014-12-05 08:27:35'),
(405, 1, 649, 651, 1, '2014-12-05 08:27:37'),
(406, 1, 652, 653, 1, '2014-12-05 08:28:50'),
(407, 1, 652, 654, 1, '2014-12-05 08:28:54'),
(408, 1, 652, 655, 1, '2014-12-05 08:28:56'),
(409, 1, 656, 657, 1, '2014-12-05 08:30:13'),
(410, 1, 658, 659, 1, '2014-12-05 08:31:14'),
(411, 1, 658, 660, 1, '2014-12-05 08:31:18'),
(412, 1, 658, 661, 1, '2014-12-05 08:31:19'),
(413, 1, 662, 663, 1, '2014-12-05 08:32:18'),
(414, 1, 450, 451, 2, '2014-12-05 08:37:44'),
(415, 1, 450, 452, 2, '2014-12-05 08:37:47'),
(416, 1, 665, 666, 1, '2014-12-05 08:39:20'),
(417, 1, 667, 668, 1, '2014-12-05 08:39:53'),
(418, 1, 669, 670, 1, '2014-12-05 08:40:35'),
(419, 1, 671, 672, 1, '2014-12-05 08:41:16'),
(420, 1, 673, 674, 1, '2014-12-05 08:43:45'),
(421, 1, 673, 675, 1, '2014-12-05 08:43:48'),
(422, 1, 676, 677, 1, '2014-12-06 12:08:07'),
(423, 1, 676, 678, 1, '2014-12-06 12:08:09'),
(424, 1, 679, 680, 1, '2014-12-06 12:09:06'),
(425, 1, 679, 681, 1, '2014-12-06 12:09:09'),
(426, 1, 679, 682, 1, '2014-12-06 12:09:11'),
(427, 1, 683, 684, 1, '2014-12-06 12:09:57'),
(428, 1, 686, 687, 1, '2014-12-06 12:13:50'),
(429, 1, 688, 689, 1, '2014-12-06 12:14:40'),
(430, 1, 690, 691, 1, '2014-12-06 12:16:20'),
(431, 1, 690, 692, 1, '2014-12-06 12:16:35'),
(432, 1, 693, 694, 1, '2014-12-06 12:17:48'),
(433, 1, 695, 696, 1, '2014-12-06 12:19:06'),
(434, 1, 697, 698, 1, '2014-12-06 12:19:30'),
(435, 1, 699, 700, 1, '2014-12-06 12:20:11'),
(437, 1, 701, 702, 1, '2014-12-06 12:21:30'),
(438, 1, 703, 704, 1, '2014-12-06 12:22:04'),
(439, 1, 705, 706, 1, '2014-12-06 12:22:49'),
(440, 1, 707, 708, 1, '2014-12-06 12:24:54'),
(441, 1, 707, 709, 1, '2014-12-06 12:24:56'),
(442, 1, 707, 710, 1, '2014-12-06 12:24:59'),
(443, 1, 711, 712, 1, '2014-12-06 12:25:57'),
(444, 1, 713, 714, 1, '2014-12-06 12:27:31'),
(445, 1, 713, 715, 1, '2014-12-06 12:27:33'),
(446, 1, 713, 716, 1, '2014-12-06 12:27:35'),
(447, 1, 717, 718, 1, '2014-12-06 12:28:51'),
(448, 1, 717, 342, 1, '2014-12-06 12:28:56'),
(449, 1, 720, 722, 1, '2014-12-06 12:30:56'),
(450, 1, 720, 723, 1, '2014-12-06 12:31:00'),
(451, 1, 724, 725, 1, '2014-12-06 12:31:53'),
(452, 1, 726, 727, 1, '2014-12-06 12:33:14'),
(453, 1, 726, 728, 1, '2014-12-06 12:33:16'),
(454, 1, 726, 224, 1, '2014-12-06 12:33:23'),
(455, 1, 731, 732, 1, '2014-12-06 12:35:52'),
(456, 1, 733, 734, 1, '2014-12-06 12:37:13'),
(457, 1, 733, 735, 1, '2014-12-06 12:37:15'),
(458, 1, 736, 737, 2, '2014-12-06 12:37:53'),
(459, 1, 738, 739, 1, '2014-12-06 12:38:32'),
(460, 1, 740, 741, 1, '2014-12-06 12:39:34'),
(461, 1, 740, 742, 1, '2014-12-06 12:39:38'),
(462, 1, 740, 86, 1, '2014-12-06 12:39:41'),
(463, 1, 744, 745, 1, '2014-12-06 12:40:16'),
(464, 1, 744, 746, 1, '2014-12-06 12:40:18'),
(465, 1, 747, 748, 1, '2014-12-06 12:41:21'),
(466, 1, 747, 749, 1, '2014-12-06 12:41:23'),
(467, 1, 751, 752, 1, '2014-12-06 13:46:42'),
(468, 1, 753, 754, 1, '2014-12-06 14:04:40'),
(469, 1, 755, 756, 1, '2014-12-06 14:09:00'),
(470, 1, 755, 757, 1, '2014-12-06 14:09:03'),
(471, 1, 762, 763, 1, '2014-12-06 14:28:17'),
(472, 1, 762, 764, 1, '2014-12-06 14:28:19'),
(473, 1, 762, 765, 1, '2014-12-06 14:28:22'),
(474, 1, 762, 261, 1, '2014-12-06 14:28:49'),
(476, 1, 769, 770, 1, '2014-12-06 14:30:52'),
(477, 1, 771, 772, 1, '2014-12-06 14:31:58'),
(478, 1, 771, 773, 1, '2014-12-06 14:32:00'),
(479, 1, 774, 775, 1, '2014-12-06 14:32:50'),
(480, 1, 774, 776, 1, '2014-12-06 14:32:52'),
(481, 1, 777, 778, 1, '2014-12-06 14:34:07'),
(482, 1, 777, 779, 1, '2014-12-06 14:34:09'),
(483, 1, 780, 781, 1, '2014-12-06 14:35:15'),
(484, 1, 782, 783, 1, '2014-12-06 14:36:06'),
(485, 1, 782, 784, 1, '2014-12-06 14:36:10'),
(486, 1, 785, 786, 1, '2014-12-06 14:37:18'),
(487, 1, 785, 787, 1, '2014-12-06 14:37:20'),
(488, 1, 785, 788, 1, '2014-12-06 14:37:23'),
(489, 1, 789, 790, 1, '2014-12-06 14:41:13'),
(491, 1, 791, 792, 1, '2014-12-06 14:41:49'),
(492, 1, 793, 794, 1, '2014-12-06 14:42:35'),
(493, 1, 795, 768, 1, '2014-12-06 14:44:08'),
(494, 1, 796, 797, 1, '2014-12-06 14:44:48'),
(495, 1, 798, 799, 1, '2014-12-06 14:45:15'),
(496, 1, 800, 801, 1, '2014-12-06 14:51:35'),
(497, 1, 802, 803, 1, '2014-12-06 14:55:17'),
(498, 1, 804, 805, 1, '2014-12-06 15:00:04'),
(499, 1, 806, 807, 1, '2014-12-06 15:01:19'),
(500, 1, 808, 809, 1, '2014-12-06 15:04:35'),
(501, 1, 810, 811, 1, '2014-12-09 08:42:48'),
(502, 1, 810, 812, 1, '2014-12-09 08:42:50'),
(503, 1, 813, 815, 1, '2014-12-09 08:44:21'),
(504, 1, 813, 109, 1, '2014-12-09 08:44:26'),
(505, 1, 816, 817, 1, '2014-12-09 08:45:27'),
(506, 1, 816, 818, 1, '2014-12-09 08:45:31'),
(507, 1, 816, 819, 1, '2014-12-09 08:45:35'),
(508, 1, 820, 821, 1, '2014-12-09 08:47:28'),
(509, 1, 822, 823, 1, '2014-12-09 08:48:11'),
(510, 1, 822, 824, 1, '2014-12-09 08:48:13'),
(511, 1, 825, 826, 1, '2014-12-09 08:48:55'),
(512, 1, 825, 827, 1, '2014-12-09 08:48:57'),
(513, 1, 828, 829, 1, '2014-12-09 08:50:32'),
(514, 1, 828, 830, 1, '2014-12-09 08:50:35'),
(515, 1, 831, 746, 1, '2014-12-09 08:51:36'),
(516, 1, 833, 834, 1, '2014-12-09 08:52:17'),
(517, 1, 835, 836, 1, '2014-12-09 08:52:46'),
(518, 1, 837, 839, 1, '2014-12-09 08:54:39'),
(519, 1, 837, 840, 1, '2014-12-09 08:54:42'),
(520, 1, 837, 118, 1, '2014-12-09 08:54:45'),
(521, 1, 841, 842, 1, '2014-12-09 08:57:48'),
(522, 1, 843, 844, 1, '2014-12-09 08:58:27'),
(523, 1, 845, 846, 1, '2014-12-09 08:59:23'),
(524, 1, 845, 847, 1, '2014-12-09 08:59:25'),
(525, 1, 848, 849, 1, '2014-12-09 09:00:31'),
(526, 1, 848, 850, 1, '2014-12-09 09:00:33'),
(527, 1, 851, 852, 1, '2014-12-09 09:01:53'),
(528, 1, 767, 768, 1, '2014-12-09 09:04:38'),
(529, 1, 767, 854, 1, '2014-12-09 09:04:44'),
(530, 1, 855, 858, 1, '2014-12-09 09:06:52'),
(531, 1, 855, 862, 1, '2014-12-09 09:07:02'),
(532, 1, 856, 858, 1, '2014-12-09 09:07:13'),
(533, 1, 856, 859, 1, '2014-12-09 09:07:17'),
(534, 1, 856, 860, 1, '2014-12-09 09:07:21'),
(535, 1, 856, 861, 1, '2014-12-09 09:07:26'),
(536, 1, 856, 118, 1, '2014-12-09 09:07:30'),
(537, 1, 863, 864, 1, '2014-12-09 09:08:44'),
(538, 1, 863, 865, 1, '2014-12-09 09:08:47'),
(539, 1, 863, 866, 1, '2014-12-09 09:08:49'),
(540, 1, 868, 867, 1, '2014-12-09 09:10:19'),
(541, 1, 869, 870, 1, '2014-12-09 09:11:45'),
(542, 1, 869, 872, 1, '2014-12-09 09:11:47'),
(543, 1, 869, 749, 1, '2014-12-09 09:11:53'),
(544, 1, 873, 875, 1, '2014-12-09 09:13:55'),
(545, 1, 873, 876, 1, '2014-12-09 09:13:59'),
(546, 1, 877, 878, 1, '2014-12-09 09:14:09'),
(547, 1, 877, 879, 1, '2014-12-09 09:14:12'),
(548, 1, 873, 748, 1, '2014-12-09 09:14:18'),
(549, 1, 880, 881, 1, '2014-12-09 09:15:39'),
(550, 1, 880, 882, 1, '2014-12-09 09:15:42'),
(551, 1, 884, 885, 1, '2014-12-09 09:17:39'),
(552, 1, 884, 886, 1, '2014-12-09 09:17:42'),
(553, 1, 887, 888, 1, '2014-12-09 09:18:51'),
(554, 1, 887, 889, 1, '2014-12-09 09:18:53');

-- --------------------------------------------------------

--
-- Stellvertreter-Struktur des Views `target_lexemes`
--
CREATE TABLE IF NOT EXISTS `target_lexemes` (
`id` int(10)
,`language` char(2)
,`type` varchar(30)
,`entry` varchar(255)
,`frequency` int(10)
);
-- --------------------------------------------------------

--
-- Tabellenstruktur für Tabelle `users`
--

CREATE TABLE IF NOT EXISTS `users` (
  `id` int(10) NOT NULL AUTO_INCREMENT,
  `username` varchar(255) NOT NULL,
  `email` varchar(255) NOT NULL,
  `password` varchar(255) NOT NULL,
  `target_language` char(2) NOT NULL,
  `base_language` char(2) NOT NULL,
  `date_joined` timestamp NOT NULL DEFAULT CURRENT_TIMESTAMP,
  PRIMARY KEY (`id`),
  UNIQUE KEY `email` (`email`),
  KEY `user_base_language` (`base_language`),
  KEY `user_target_language` (`target_language`)
) ENGINE=InnoDB  DEFAULT CHARSET=latin1 AUTO_INCREMENT=3 ;

--
-- Daten für Tabelle `users`
--

INSERT INTO `users` (`id`, `username`, `email`, `password`, `target_language`, `base_language`, `date_joined`) VALUES
(1, 'deanrobertcook', 'deanrobertcook@gmail.com', 'password', 'de', 'en', '2014-11-17 07:35:16'),
(2, 'testUser', 'test@test.com', 'password', 'de', 'en', '2014-11-20 11:46:42');

-- --------------------------------------------------------

--
-- Stellvertreter-Struktur des Views `word_list`
--
CREATE TABLE IF NOT EXISTS `word_list` (
`meaningid` int(10)
,`frequency` int(10)
,`target_id` int(10)
,`target_entry_type` varchar(30)
,`target_entry` varchar(255)
,`base_id` int(10)
,`base_entry` varchar(255)
);
-- --------------------------------------------------------

--
-- Stellvertreter-Struktur des Views `word_list_verbose`
--
CREATE TABLE IF NOT EXISTS `word_list_verbose` (
`userid` int(10)
,`meaningid` int(10)
,`frequency` int(10)
,`target_id` int(10)
,`target_language` char(2)
,`target_entry_type` varchar(30)
,`target_entry` varchar(255)
,`base_id` int(10)
,`base_language` char(2)
,`base_entry` varchar(255)
,`date_entered` timestamp
);
-- --------------------------------------------------------

--
-- Struktur des Views `base_lexemes`
--
DROP TABLE IF EXISTS `base_lexemes`;

CREATE ALGORITHM=UNDEFINED DEFINER=`root`@`localhost` SQL SECURITY DEFINER VIEW `base_lexemes` AS select distinct `meanings`.`id` AS `meaningid`,`meanings`.`targetid` AS `targetid`,`meanings`.`userid` AS `userid`,`lexemes`.`id` AS `id`,`lexemes`.`language` AS `language`,`lexemes`.`entry` AS `entry`,`meanings`.`date_entered` AS `date_entered` from (`lexemes` join `meanings` on((`lexemes`.`id` = `meanings`.`baseid`)));

-- --------------------------------------------------------

--
-- Struktur des Views `target_lexemes`
--
DROP TABLE IF EXISTS `target_lexemes`;

CREATE ALGORITHM=UNDEFINED DEFINER=`root`@`localhost` SQL SECURITY DEFINER VIEW `target_lexemes` AS select distinct `lexemes`.`id` AS `id`,`lexemes`.`language` AS `language`,`lexemes`.`type` AS `type`,`lexemes`.`entry` AS `entry`,`meanings`.`frequency` AS `frequency` from (`lexemes` join `meanings` on((`lexemes`.`id` = `meanings`.`targetid`)));

-- --------------------------------------------------------

--
-- Struktur des Views `word_list`
--
DROP TABLE IF EXISTS `word_list`;

CREATE ALGORITHM=UNDEFINED DEFINER=`root`@`localhost` SQL SECURITY DEFINER VIEW `word_list` AS select `word_list_verbose`.`meaningid` AS `meaningid`,`word_list_verbose`.`frequency` AS `frequency`,`word_list_verbose`.`target_id` AS `target_id`,`word_list_verbose`.`target_entry_type` AS `target_entry_type`,`word_list_verbose`.`target_entry` AS `target_entry`,`word_list_verbose`.`base_id` AS `base_id`,`word_list_verbose`.`base_entry` AS `base_entry` from `word_list_verbose`;

-- --------------------------------------------------------

--
-- Struktur des Views `word_list_verbose`
--
DROP TABLE IF EXISTS `word_list_verbose`;

CREATE ALGORITHM=UNDEFINED DEFINER=`root`@`localhost` SQL SECURITY DEFINER VIEW `word_list_verbose` AS select `base_lexemes`.`userid` AS `userid`,`base_lexemes`.`meaningid` AS `meaningid`,`target_lexemes`.`frequency` AS `frequency`,`target_lexemes`.`id` AS `target_id`,`target_lexemes`.`language` AS `target_language`,`target_lexemes`.`type` AS `target_entry_type`,`target_lexemes`.`entry` AS `target_entry`,`base_lexemes`.`id` AS `base_id`,`base_lexemes`.`language` AS `base_language`,`base_lexemes`.`entry` AS `base_entry`,`base_lexemes`.`date_entered` AS `date_entered` from (`target_lexemes` join `base_lexemes` on((`base_lexemes`.`targetid` = `target_lexemes`.`id`)));

--
-- Constraints der exportierten Tabellen
--

--
-- Constraints der Tabelle `clarifications`
--
ALTER TABLE `clarifications`
  ADD CONSTRAINT `meaning_clarifications` FOREIGN KEY (`meaningid`) REFERENCES `meanings` (`id`) ON DELETE CASCADE ON UPDATE CASCADE;

--
-- Constraints der Tabelle `examples`
--
ALTER TABLE `examples`
  ADD CONSTRAINT `meaning_examples` FOREIGN KEY (`meaningid`) REFERENCES `meanings` (`id`) ON DELETE CASCADE ON UPDATE CASCADE;

--
-- Constraints der Tabelle `lexemes`
--
ALTER TABLE `lexemes`
  ADD CONSTRAINT `lexeme_language` FOREIGN KEY (`language`) REFERENCES `languages` (`iso_639`) ON UPDATE CASCADE;

--
-- Constraints der Tabelle `meanings`
--
ALTER TABLE `meanings`
  ADD CONSTRAINT `base` FOREIGN KEY (`targetid`) REFERENCES `lexemes` (`id`),
  ADD CONSTRAINT `target` FOREIGN KEY (`baseid`) REFERENCES `lexemes` (`id`) ON DELETE CASCADE,
  ADD CONSTRAINT `user_meaning` FOREIGN KEY (`userid`) REFERENCES `users` (`id`);

--
-- Constraints der Tabelle `users`
--
ALTER TABLE `users`
  ADD CONSTRAINT `user_base_language` FOREIGN KEY (`base_language`) REFERENCES `languages` (`iso_639`) ON UPDATE CASCADE,
  ADD CONSTRAINT `user_target_language` FOREIGN KEY (`target_language`) REFERENCES `languages` (`iso_639`) ON UPDATE CASCADE;

/*!40101 SET CHARACTER_SET_CLIENT=@OLD_CHARACTER_SET_CLIENT */;
/*!40101 SET CHARACTER_SET_RESULTS=@OLD_CHARACTER_SET_RESULTS */;
/*!40101 SET COLLATION_CONNECTION=@OLD_COLLATION_CONNECTION */;
