-- phpMyAdmin SQL Dump
-- version 4.0.10deb1
-- http://www.phpmyadmin.net
--
-- Host: localhost
-- Generation Time: Nov 25, 2014 at 04:50 PM
-- Server version: 5.5.40-0ubuntu0.14.04.1
-- PHP Version: 5.5.9-1ubuntu4.5

SET SQL_MODE = "NO_AUTO_VALUE_ON_ZERO";
SET time_zone = "+00:00";


/*!40101 SET @OLD_CHARACTER_SET_CLIENT=@@CHARACTER_SET_CLIENT */;
/*!40101 SET @OLD_CHARACTER_SET_RESULTS=@@CHARACTER_SET_RESULTS */;
/*!40101 SET @OLD_COLLATION_CONNECTION=@@COLLATION_CONNECTION */;
/*!40101 SET NAMES utf8 */;

--
-- Database: `myLexicon`
--

-- --------------------------------------------------------

--
-- Stand-in structure for view `base_lexemes`
--
CREATE TABLE IF NOT EXISTS `base_lexemes` (
`meaningid` int(10)
,`targetid` int(10)
,`userid` int(10)
,`id` int(10)
,`language` char(2)
,`entry` varchar(255)
,`date_entered` timestamp
);
-- --------------------------------------------------------

--
-- Table structure for table `clarifications`
--

CREATE TABLE IF NOT EXISTS `clarifications` (
  `id` int(10) NOT NULL AUTO_INCREMENT,
  `meaningid` int(10) NOT NULL,
  `clarification` varchar(255) NOT NULL,
  PRIMARY KEY (`id`),
  KEY `meaning_clarifications` (`meaningid`)
) ENGINE=InnoDB  DEFAULT CHARSET=latin1 AUTO_INCREMENT=3 ;

--
-- Dumping data for table `clarifications`
--

INSERT INTO `clarifications` (`id`, `meaningid`, `clarification`) VALUES
(1, 73, 'music'),
(2, 243, 'wine tasting');

-- --------------------------------------------------------

--
-- Table structure for table `examples`
--

CREATE TABLE IF NOT EXISTS `examples` (
  `id` int(10) NOT NULL AUTO_INCREMENT,
  `meaningid` int(10) NOT NULL,
  `example_target` varchar(255) DEFAULT NULL,
  `example_base` varchar(255) NOT NULL,
  PRIMARY KEY (`id`),
  KEY `meaning_examples` (`meaningid`)
) ENGINE=InnoDB  DEFAULT CHARSET=latin1 AUTO_INCREMENT=2 ;

--
-- Dumping data for table `examples`
--

INSERT INTO `examples` (`id`, `meaningid`, `example_target`, `example_base`) VALUES
(1, 243, 'fruchtiger Abgang', 'fruity finish');

-- --------------------------------------------------------

--
-- Table structure for table `languages`
--

CREATE TABLE IF NOT EXISTS `languages` (
  `name` char(49) DEFAULT NULL,
  `iso_639` char(2) NOT NULL,
  PRIMARY KEY (`iso_639`)
) ENGINE=InnoDB DEFAULT CHARSET=latin1;

--
-- Dumping data for table `languages`
--

INSERT INTO `languages` (`name`, `iso_639`) VALUES
('Afar', 'aa'),
('Abkhazian', 'ab'),
('Afrikaans', 'af'),
('Amharic', 'am'),
('Arabic', 'ar'),
('Assamese', 'as'),
('Aymara', 'ay'),
('Azerbaijani', 'az'),
('Bashkir', 'ba'),
('Byelorussian', 'be'),
('Bulgarian', 'bg'),
('Bihari', 'bh'),
('Bislama', 'bi'),
('Bengali/Bangla', 'bn'),
('Tibetan', 'bo'),
('Breton', 'br'),
('Catalan', 'ca'),
('Corsican', 'co'),
('Czech', 'cs'),
('Welsh', 'cy'),
('Danish', 'da'),
('German', 'de'),
('Bhutani', 'dz'),
('Greek', 'el'),
('English', 'en'),
('Esperanto', 'eo'),
('Spanish', 'es'),
('Estonian', 'et'),
('Basque', 'eu'),
('Persian', 'fa'),
('Finnish', 'fi'),
('Fiji', 'fj'),
('Faeroese', 'fo'),
('French', 'fr'),
('Frisian', 'fy'),
('Irish', 'ga'),
('Scots/Gaelic', 'gd'),
('Galician', 'gl'),
('Guarani', 'gn'),
('Gujarati', 'gu'),
('Hausa', 'ha'),
('Hindi', 'hi'),
('Croatian', 'hr'),
('Hungarian', 'hu'),
('Armenian', 'hy'),
('Interlingua', 'ia'),
('Interlingue', 'ie'),
('Inupiak', 'ik'),
('Indonesian', 'in'),
('Icelandic', 'is'),
('Italian', 'it'),
('Hebrew', 'iw'),
('Japanese', 'ja'),
('Yiddish', 'ji'),
('Javanese', 'jw'),
('Georgian', 'ka'),
('Kazakh', 'kk'),
('Greenlandic', 'kl'),
('Cambodian', 'km'),
('Kannada', 'kn'),
('Korean', 'ko'),
('Kashmiri', 'ks'),
('Kurdish', 'ku'),
('Kirghiz', 'ky'),
('Latin', 'la'),
('Lingala', 'ln'),
('Laothian', 'lo'),
('Lithuanian', 'lt'),
('Latvian/Lettish', 'lv'),
('Malagasy', 'mg'),
('Maori', 'mi'),
('Macedonian', 'mk'),
('Malayalam', 'ml'),
('Mongolian', 'mn'),
('Moldavian', 'mo'),
('Marathi', 'mr'),
('Malay', 'ms'),
('Maltese', 'mt'),
('Burmese', 'my'),
('Nauru', 'na'),
('Nepali', 'ne'),
('Dutch', 'nl'),
('Norwegian', 'no'),
('Occitan', 'oc'),
('(Afan)/Oromoor/Oriya', 'om'),
('Punjabi', 'pa'),
('Polish', 'pl'),
('Pashto/Pushto', 'ps'),
('Portuguese', 'pt'),
('Quechua', 'qu'),
('Rhaeto-Romance', 'rm'),
('Kirundi', 'rn'),
('Romanian', 'ro'),
('Russian', 'ru'),
('Kinyarwanda', 'rw'),
('Sanskrit', 'sa'),
('Sindhi', 'sd'),
('Sangro', 'sg'),
('Serbo-Croatian', 'sh'),
('Singhalese', 'si'),
('Slovak', 'sk'),
('Slovenian', 'sl'),
('Samoan', 'sm'),
('Shona', 'sn'),
('Somali', 'so'),
('Albanian', 'sq'),
('Serbian', 'sr'),
('Siswati', 'ss'),
('Sesotho', 'st'),
('Sundanese', 'su'),
('Swedish', 'sv'),
('Swahili', 'sw'),
('Tamil', 'ta'),
('Tegulu', 'te'),
('Tajik', 'tg'),
('Thai', 'th'),
('Tigrinya', 'ti'),
('Turkmen', 'tk'),
('Tagalog', 'tl'),
('Setswana', 'tn'),
('Tonga', 'to'),
('Turkish', 'tr'),
('Tsonga', 'ts'),
('Tatar', 'tt'),
('Twi', 'tw'),
('Ukrainian', 'uk'),
('Urdu', 'ur'),
('Uzbek', 'uz'),
('Vietnamese', 'vi'),
('Volapuk', 'vo'),
('Wolof', 'wo'),
('Xhosa', 'xh'),
('Yoruba', 'yo'),
('Chinese', 'zh'),
('Zulu', 'zu');

-- --------------------------------------------------------

--
-- Table structure for table `lexemes`
--

CREATE TABLE IF NOT EXISTS `lexemes` (
  `id` int(10) NOT NULL AUTO_INCREMENT,
  `language` char(2) NOT NULL,
  `type` varchar(30) DEFAULT NULL,
  `entry` varchar(255) NOT NULL,
  PRIMARY KEY (`id`),
  UNIQUE KEY `unique_lexeme` (`language`,`entry`,`type`),
  KEY `lexeme_language` (`language`)
) ENGINE=InnoDB  DEFAULT CHARSET=latin1 AUTO_INCREMENT=583 ;

--
-- Dumping data for table `lexemes`
--

INSERT INTO `lexemes` (`id`, `language`, `type`, `entry`) VALUES
(543, 'de', 'verb', 'abschneiden'),
(314, 'de', 'verb', 'abspeichern'),
(392, 'de', 'adjective/adverb', 'allgemein'),
(497, 'de', 'verb', 'anfertigen'),
(448, 'de', 'verb', 'angehen'),
(501, 'de', 'adjective/adverb', 'angesiedelt'),
(566, 'de', 'verb', 'ankündigen'),
(36, 'de', 'verb', 'annehmen'),
(169, 'de', 'verb', 'auf die Welt kommen'),
(305, 'de', 'verb', 'auf etw. vertrauen'),
(453, 'de', 'verb', 'auf etw. zutreffen'),
(194, 'de', 'adjective/adverb', 'auf Raten'),
(54, 'de', 'verb', 'aufbrechen'),
(112, 'de', 'verb', 'auflegen'),
(577, 'de', 'adjective/adverb', 'aufregend'),
(242, 'de', 'verb', 'auftreten'),
(341, 'de', 'verb', 'ausbringen'),
(299, 'de', 'verb', 'ausflicken'),
(173, 'de', 'adjective/adverb', 'ausführlich'),
(343, 'de', 'verb', 'ausschmücken'),
(260, 'de', 'verb', 'ausüben'),
(554, 'de', 'verb', 'beanspruchen'),
(104, 'de', 'verb', 'begeistern'),
(300, 'de', 'verb', 'bereichern'),
(409, 'de', 'verb', 'bereitstellen'),
(129, 'de', 'verb', 'besitzen'),
(404, 'de', 'verb', 'betreffen'),
(165, 'de', 'verb', 'betrügen'),
(78, 'de', 'verb', 'bewältigen'),
(499, 'de', 'adjective/adverb', 'breitgefächert'),
(356, 'de', 'verb', 'brummen'),
(291, 'de', 'verb', 'bügeln'),
(22, 'de', 'noun', 'das Anschreiben'),
(407, 'de', 'noun', 'das Eignungsverfahren'),
(328, 'de', 'noun', 'das Etikett'),
(352, 'de', 'noun', 'das Fachchinesisch'),
(531, 'de', 'noun', 'das Fadenkreuz'),
(88, 'de', 'noun', 'das Gericht'),
(62, 'de', 'noun', 'das Gerücht'),
(252, 'de', 'noun', 'das Mitleid'),
(136, 'de', 'noun', 'das Sparschwein'),
(365, 'de', 'noun', 'das Stilmittel'),
(51, 'de', 'noun', 'das Ufer'),
(323, 'de', 'noun', 'das Unkraut'),
(30, 'de', 'noun', 'das Verzeichnis'),
(529, 'de', 'noun', 'das Visier'),
(450, 'de', 'noun', 'das Zeugnis'),
(443, 'de', 'noun', 'das Zusammenwirken'),
(373, 'de', 'noun', 'der Abgang'),
(516, 'de', 'noun', 'der Ablauf'),
(307, 'de', 'noun', 'der Absturz'),
(154, 'de', 'noun', 'der Anlass'),
(536, 'de', 'noun', 'der Attentäter'),
(387, 'de', 'noun', 'der Aufbau'),
(191, 'de', 'noun', 'der Auftakt'),
(273, 'de', 'noun', 'der Auftrag'),
(138, 'de', 'noun', 'der Bankrott'),
(214, 'de', 'noun', 'der Beamtenapparat'),
(433, 'de', 'noun', 'der Bedarf'),
(286, 'de', 'noun', 'der Begriff'),
(425, 'de', 'noun', 'der Betreiber'),
(482, 'de', 'noun', 'der Betrieb'),
(478, 'de', 'noun', 'der Bezug'),
(250, 'de', 'noun', 'der Eigenname'),
(563, 'de', 'noun', 'der Einsatz'),
(518, 'de', 'noun', 'der Faden'),
(143, 'de', 'noun', 'der Gegenstand'),
(533, 'de', 'noun', 'der Geselle'),
(266, 'de', 'noun', 'der Gleichsetzungsnominativ'),
(270, 'de', 'noun', 'der Gönner'),
(49, 'de', 'noun', 'der Hafen'),
(146, 'de', 'noun', 'der Hai'),
(277, 'de', 'noun', 'der Hals'),
(96, 'de', 'noun', 'der Hubschrauber'),
(367, 'de', 'noun', 'der Kabarettist'),
(184, 'de', 'noun', 'der Kragen'),
(423, 'de', 'noun', 'der Laie'),
(519, 'de', 'noun', 'der Libero'),
(557, 'de', 'noun', 'der Notfall'),
(552, 'de', 'noun', 'der Pate'),
(538, 'de', 'noun', 'der Reim'),
(318, 'de', 'noun', 'der Schopf'),
(268, 'de', 'noun', 'der Schreiner'),
(90, 'de', 'noun', 'der Stift'),
(198, 'de', 'noun', 'der Umgang'),
(196, 'de', 'noun', 'der Veranstalter'),
(359, 'de', 'noun', 'der Verlust'),
(569, 'de', 'noun', 'der Verschluss'),
(34, 'de', 'noun', 'der Versprecher'),
(520, 'de', 'noun', 'der Verteiler'),
(24, 'de', 'noun', 'der Vorgang'),
(67, 'de', 'noun', 'der Vorstand'),
(467, 'de', 'noun', 'der Vortragsraum'),
(431, 'de', 'noun', 'der Wandel'),
(203, 'de', 'noun', 'der Zuschauer'),
(413, 'de', 'noun', 'die Abteilung'),
(18, 'de', 'noun', 'die Anforderung'),
(459, 'de', 'noun', 'die Ankunft'),
(5, 'de', 'noun', 'die Anleitung'),
(171, 'de', 'noun', 'die Anreise'),
(559, 'de', 'noun', 'die Behandlung'),
(150, 'de', 'noun', 'die Beleidigung'),
(469, 'de', 'noun', 'die Betreuung'),
(163, 'de', 'noun', 'die Dachwohnung'),
(371, 'de', 'noun', 'die Ehrfurcht'),
(465, 'de', 'noun', 'die Einrichtung'),
(208, 'de', 'noun', 'die Ergreifung'),
(429, 'de', 'noun', 'die Erwerbstätigen'),
(330, 'de', 'noun', 'die Etikettierung'),
(28, 'de', 'noun', 'die Fabel'),
(445, 'de', 'noun', 'die Fachkraft'),
(400, 'de', 'noun', 'die Fassung'),
(526, 'de', 'noun', 'die Gasse'),
(457, 'de', 'noun', 'die Gebühr'),
(427, 'de', 'noun', 'die Gesundheitspflege'),
(65, 'de', 'noun', 'die Gewissheit'),
(167, 'de', 'noun', 'die Glühbirne'),
(385, 'de', 'noun', 'die Grundlage'),
(140, 'de', 'noun', 'die Immobilien'),
(210, 'de', 'noun', 'die Initiierung'),
(463, 'de', 'noun', 'die Kontaktaufnahme'),
(510, 'de', 'noun', 'die Lehrveranstaltung'),
(524, 'de', 'noun', 'die Marionette'),
(132, 'de', 'noun', 'die Mütze'),
(417, 'de', 'noun', 'die Nachlässigkeit'),
(512, 'de', 'noun', 'die Neigung'),
(230, 'de', 'noun', 'die Probe'),
(480, 'de', 'noun', 'die Raumfahrt'),
(20, 'de', 'noun', 'die Rechnung'),
(320, 'de', 'noun', 'die Redeweise'),
(398, 'de', 'noun', 'die Satzung'),
(98, 'de', 'noun', 'die Sauftour'),
(119, 'de', 'noun', 'die Scheibe'),
(419, 'de', 'noun', 'die Strafe'),
(148, 'de', 'noun', 'die Sünde'),
(188, 'de', 'noun', 'die Uraufführung'),
(573, 'de', 'noun', 'die Ursache'),
(561, 'de', 'noun', 'die Vene'),
(476, 'de', 'noun', 'die Verabeitung'),
(506, 'de', 'noun', 'die Veranstaltung'),
(182, 'de', 'noun', 'die Vergnügung'),
(514, 'de', 'noun', 'die Vermittlung'),
(440, 'de', 'noun', 'die Verordnung'),
(437, 'de', 'noun', 'die Verwaltung'),
(227, 'de', 'noun', 'die Voraussetzung'),
(472, 'de', 'noun', 'die Vorgehensweise'),
(474, 'de', 'noun', 'die Vorschrift'),
(485, 'de', 'noun', 'die Wirtschaftslehre'),
(334, 'de', 'noun', 'die Übertragung'),
(332, 'de', 'noun', 'die Überwachung'),
(579, 'de', 'verb', 'durchmachen'),
(116, 'de', 'verb', 'durchsetzen'),
(336, 'de', 'verb', 'einbringen'),
(378, 'de', 'verb', 'empfehlen'),
(265, 'de', 'verb', 'enthalten'),
(349, 'de', 'verb', 'erfinden'),
(14, 'de', 'verb', 'erfordern'),
(127, 'de', 'verb', 'erklären'),
(219, 'de', 'verb', 'erledigen'),
(361, 'de', 'adjective/adverb', 'erschöpft'),
(492, 'de', 'verb', 'erwerben'),
(369, 'de', 'verb', 'etw. als etw. anerkennen'),
(256, 'de', 'verb', 'feststellen'),
(293, 'de', 'verb', 'flicken'),
(411, 'de', 'adjective/adverb', 'folgendermaßen'),
(345, 'de', 'adjective/adverb', 'geeignet'),
(100, 'de', 'adjective/adverb', 'gelaunt'),
(186, 'de', 'adjective/adverb', 'gelockert'),
(402, 'de', 'adjective/adverb', 'gültig'),
(152, 'de', 'adjective/adverb', 'im Namen von'),
(383, 'de', 'adjective/adverb', 'im Wesentlichen'),
(396, 'de', 'adjective/adverb', 'jeweils'),
(69, 'de', 'verb', 'jmdm. etw. mitteilen'),
(73, 'de', 'verb', 'jmdm. für etw. loben'),
(110, 'de', 'adjective/adverb', 'jmdm. zu Ehren'),
(42, 'de', 'verb', 'jmdm. zum Schweigen bringen'),
(102, 'de', 'verb', 'jubeln'),
(547, 'de', 'adjective/adverb', 'klaffend'),
(461, 'de', 'noun', 'kurze Wege'),
(326, 'de', 'adjective/adverb', 'legendär'),
(223, 'de', 'verb', 'liefern'),
(60, 'de', 'verb', 'losgehen'),
(177, 'de', 'verb', 'lösen'),
(85, 'de', 'verb', 'monieren'),
(247, 'de', 'adjective/adverb', 'pflegeleicht'),
(455, 'de', 'adjective/adverb', 'ratsam'),
(310, 'de', 'verb', 'scheitern'),
(238, 'de', 'adjective/adverb', 'schlagartig'),
(122, 'de', 'adjective/adverb', 'schnurstracks'),
(134, 'de', 'verb', 'Schwein haben'),
(108, 'de', 'verb', 'schütteln'),
(550, 'de', 'adjective/adverb', 'seiden'),
(283, 'de', 'verb', 'sich als etw. entpuppen'),
(390, 'de', 'verb', 'sich als etw. gestalten'),
(375, 'de', 'verb', 'sich an etw. richten'),
(236, 'de', 'verb', 'sich auf etw. verlassen'),
(114, 'de', 'verb', 'sich durchsetzen'),
(487, 'de', 'verb', 'sich erstrecken'),
(540, 'de', 'verb', 'sich etw. gönnen'),
(106, 'de', 'verb', 'sich für etw. begeistern'),
(339, 'de', 'verb', 'sich in etw. einbringen'),
(160, 'de', 'verb', 'sich um etw. kümmern'),
(1, 'de', 'verb', 'sich von jmdm. verabschieden'),
(490, 'de', 'verb', 'sich über etw. erstrecken'),
(92, 'de', 'verb', 'sperren'),
(75, 'de', 'adjective/adverb', 'stellvertretend'),
(354, 'de', 'verb', 'täuschen'),
(263, 'de', 'verb', 'umfassen'),
(216, 'de', 'adjective/adverb', 'umfassend'),
(280, 'de', 'adjective/adverb', 'unausführbar'),
(212, 'de', 'adjective/adverb', 'undicht'),
(279, 'de', 'adjective/adverb', 'unmöglich'),
(45, 'de', 'verb', 'verdrängen'),
(10, 'de', 'verb', 'verfassen'),
(421, 'de', 'verb', 'verhängen'),
(415, 'de', 'verb', 'verlangen'),
(234, 'de', 'verb', 'verlassen'),
(158, 'de', 'adjective/adverb', 'vermählt'),
(302, 'de', 'verb', 'voraussagen'),
(380, 'de', 'adjective/adverb', 'wesentlich'),
(41, 'de', 'verb', 'über eine Fertigkeit verfügen'),
(39, 'de', 'verb', 'über eine Fähigkeit verfügen'),
(503, 'de', 'adjective/adverb', 'üblicherweise'),
(82, 'de', 'verb', 'zerschlagen'),
(156, 'de', 'adjective/adverb', 'zu besonderen Anlässen'),
(124, 'de', 'verb', 'zu Gesicht bekommen'),
(206, 'de', 'verb', 'zurückliegen'),
(297, 'de', 'verb', 'zusammenflicken'),
(494, 'de', 'verb', 'zuteilen'),
(239, 'en', 'adjective/adverb', 'abrupt'),
(479, 'en', 'noun', 'acquisition'),
(442, 'en', 'noun', 'act'),
(509, 'en', 'noun', 'activity'),
(438, 'en', 'noun', 'administration'),
(456, 'en', 'adjective/adverb', 'advisable'),
(576, 'en', 'noun', 'agent'),
(528, 'en', 'noun', 'alley'),
(464, 'en', 'noun', 'approach'),
(347, 'en', 'adjective/adverb', 'appropriate'),
(460, 'en', 'noun', 'arrival'),
(26, 'en', 'noun', 'art'),
(412, 'en', 'adjective/adverb', 'as follows'),
(537, 'en', 'noun', 'assassin'),
(276, 'en', 'noun', 'assignment'),
(471, 'en', 'noun', 'assistance'),
(77, 'en', 'adjective/adverb', 'assistant'),
(534, 'en', 'noun', 'assistant'),
(201, 'en', 'noun', 'association'),
(228, 'en', 'noun', 'assumption'),
(204, 'en', 'noun', 'audience'),
(372, 'en', 'noun', 'awe'),
(53, 'en', 'noun', 'bank'),
(139, 'en', 'noun', 'bankruptcy'),
(386, 'en', 'noun', 'basis'),
(271, 'en', 'noun', 'benefactor'),
(21, 'en', 'noun', 'bill'),
(215, 'en', 'noun', 'bureaucracy'),
(483, 'en', 'noun', 'business'),
(368, 'en', 'noun', 'cabaret artist'),
(133, 'en', 'noun', 'cap'),
(269, 'en', 'noun', 'carpenter'),
(574, 'en', 'noun', 'cause'),
(66, 'en', 'noun', 'certainty'),
(451, 'en', 'noun', 'certificate'),
(232, 'en', 'noun', 'challenge'),
(432, 'en', 'noun', 'change'),
(255, 'en', 'noun', 'charity'),
(570, 'en', 'noun', 'closure'),
(185, 'en', 'noun', 'collar'),
(565, 'en', 'noun', 'commitment'),
(394, 'en', 'adjective/adverb', 'common'),
(217, 'en', 'adjective/adverb', 'comprehensive'),
(289, 'en', 'noun', 'concept'),
(229, 'en', 'noun', 'condition'),
(199, 'en', 'noun', 'contact'),
(444, 'en', 'noun', 'cooperation'),
(23, 'en', 'noun', 'correspondence'),
(511, 'en', 'noun', 'course'),
(89, 'en', 'noun', 'court'),
(308, 'en', 'noun', 'crash'),
(532, 'en', 'noun', 'crosshairs'),
(288, 'en', 'noun', 'definition'),
(436, 'en', 'noun', 'demand'),
(414, 'en', 'noun', 'department'),
(76, 'en', 'adjective/adverb', 'deputy'),
(174, 'en', 'adjective/adverb', 'detailed'),
(462, 'en', 'noun', 'direct communication'),
(9, 'en', 'noun', 'direction'),
(121, 'en', 'noun', 'disc'),
(523, 'en', 'noun', 'distributor'),
(248, 'en', 'adjective/adverb', 'easy to clean'),
(486, 'en', 'noun', 'economics'),
(175, 'en', 'adjective/adverb', 'elaborate'),
(408, 'en', 'noun', 'eligibility test'),
(558, 'en', 'noun', 'emergency'),
(381, 'en', 'adjective/adverb', 'essential'),
(384, 'en', 'adjective/adverb', 'essentially'),
(507, 'en', 'noun', 'event'),
(578, 'en', 'adjective/adverb', 'exciting'),
(362, 'en', 'adjective/adverb', 'exhausted'),
(200, 'en', 'noun', 'exposure'),
(218, 'en', 'adjective/adverb', 'extensive'),
(29, 'en', 'noun', 'fable'),
(466, 'en', 'noun', 'facility'),
(309, 'en', 'noun', 'fall'),
(458, 'en', 'noun', 'fee'),
(374, 'en', 'noun', 'finish'),
(484, 'en', 'noun', 'firm'),
(189, 'en', 'noun', 'first release'),
(382, 'en', 'adjective/adverb', 'fundamental'),
(548, 'en', 'adjective/adverb', 'gaping'),
(393, 'en', 'adjective/adverb', 'general'),
(553, 'en', 'noun', 'godparent'),
(8, 'en', 'noun', 'guidance'),
(50, 'en', 'noun', 'harbour'),
(428, 'en', 'noun', 'health care'),
(97, 'en', 'noun', 'helicopter'),
(101, 'en', 'adjective/adverb', 'humoured'),
(290, 'en', 'noun', 'idea'),
(281, 'en', 'adjective/adverb', 'impossible'),
(176, 'en', 'adjective/adverb', 'in detail'),
(195, 'en', 'adjective/adverb', 'in installments'),
(111, 'en', 'adjective/adverb', 'in so.''s honour'),
(513, 'en', 'noun', 'inclination'),
(33, 'en', 'noun', 'index'),
(211, 'en', 'noun', 'initiation'),
(151, 'en', 'noun', 'insult'),
(145, 'en', 'noun', 'item'),
(172, 'en', 'noun', 'journey'),
(535, 'en', 'noun', 'journeyman'),
(193, 'en', 'noun', 'kick-off'),
(329, 'en', 'noun', 'label'),
(331, 'en', 'noun', 'labelling'),
(430, 'en', 'noun', 'labour force'),
(527, 'en', 'noun', 'lane'),
(322, 'en', 'noun', 'language'),
(572, 'en', 'noun', 'latch'),
(424, 'en', 'noun', 'layman'),
(213, 'en', 'adjective/adverb', 'leaky'),
(468, 'en', 'noun', 'lecture hall'),
(327, 'en', 'adjective/adverb', 'legendary'),
(168, 'en', 'noun', 'light bulb'),
(31, 'en', 'noun', 'list'),
(571, 'en', 'noun', 'lock'),
(360, 'en', 'noun', 'loss'),
(249, 'en', 'adjective/adverb', 'low-maintenance'),
(68, 'en', 'noun', 'management'),
(321, 'en', 'noun', 'manner of speaking'),
(159, 'en', 'adjective/adverb', 'married'),
(63, 'en', 'noun', 'myth'),
(278, 'en', 'noun', 'neck'),
(435, 'en', 'noun', 'need'),
(418, 'en', 'noun', 'neglect'),
(144, 'en', 'noun', 'object'),
(155, 'en', 'noun', 'occasion'),
(153, 'en', 'adjective/adverb', 'on behalf of'),
(157, 'en', 'adjective/adverb', 'on special occasions'),
(426, 'en', 'noun', 'operator'),
(275, 'en', 'noun', 'order'),
(389, 'en', 'noun', 'organisation'),
(197, 'en', 'noun', 'organiser'),
(395, 'en', 'adjective/adverb', 'overall'),
(91, 'en', 'noun', 'pen'),
(164, 'en', 'noun', 'penthouse'),
(137, 'en', 'noun', 'piggy bank'),
(253, 'en', 'noun', 'pity'),
(515, 'en', 'noun', 'placement'),
(183, 'en', 'noun', 'pleasure'),
(267, 'en', 'noun', 'predicate nominative'),
(190, 'en', 'noun', 'premiere'),
(508, 'en', 'noun', 'presentation'),
(27, 'en', 'noun', 'procedure'),
(25, 'en', 'noun', 'process'),
(240, 'en', 'adjective/adverb', 'prompt'),
(348, 'en', 'adjective/adverb', 'proper'),
(251, 'en', 'noun', 'proper noun'),
(141, 'en', 'noun', 'property'),
(475, 'en', 'noun', 'provision'),
(99, 'en', 'noun', 'pub crawl'),
(420, 'en', 'noun', 'punishment'),
(525, 'en', 'noun', 'puppet'),
(446, 'en', 'noun', 'qualified person'),
(142, 'en', 'noun', 'real estate'),
(575, 'en', 'noun', 'reason'),
(32, 'en', 'noun', 'register'),
(399, 'en', 'noun', 'regulation'),
(187, 'en', 'adjective/adverb', 'relaxed'),
(452, 'en', 'noun', 'report'),
(19, 'en', 'noun', 'requirement'),
(502, 'en', 'adjective/adverb', 'resident'),
(397, 'en', 'adjective/adverb', 'respective'),
(539, 'en', 'noun', 'rhyme'),
(64, 'en', 'noun', 'rumour'),
(231, 'en', 'noun', 'sample'),
(209, 'en', 'noun', 'seizure'),
(147, 'en', 'noun', 'shark'),
(52, 'en', 'noun', 'shore'),
(530, 'en', 'noun', 'sight'),
(551, 'en', 'adjective/adverb', 'silken'),
(149, 'en', 'noun', 'sin'),
(447, 'en', 'noun', 'skilled labour'),
(120, 'en', 'noun', 'slice'),
(35, 'en', 'noun', 'slip of the tongue'),
(481, 'en', 'noun', 'space flight'),
(205, 'en', 'noun', 'spectator'),
(363, 'en', 'adjective/adverb', 'spent'),
(272, 'en', 'noun', 'sponsor'),
(192, 'en', 'noun', 'start'),
(123, 'en', 'adjective/adverb', 'straightaway'),
(388, 'en', 'noun', 'structure'),
(366, 'en', 'noun', 'stylistic element'),
(241, 'en', 'adjective/adverb', 'sudden'),
(346, 'en', 'adjective/adverb', 'suitable'),
(333, 'en', 'noun', 'supervision'),
(470, 'en', 'noun', 'support'),
(522, 'en', 'noun', 'sweeper'),
(254, 'en', 'noun', 'sympathy'),
(274, 'en', 'noun', 'task'),
(353, 'en', 'noun', 'technical jargon'),
(287, 'en', 'noun', 'term'),
(233, 'en', 'noun', 'test'),
(521, 'en', 'noun', 'thread'),
(37, 'en', 'verb', 'to accept'),
(370, 'en', 'verb', 'to acknowledge sth. as sth.'),
(493, 'en', 'verb', 'to acquire'),
(376, 'en', 'verb', 'to address sth.'),
(495, 'en', 'verb', 'to allocate'),
(541, 'en', 'verb', 'to allow onself sth.'),
(83, 'en', 'verb', 'to annihilate'),
(567, 'en', 'verb', 'to announce'),
(245, 'en', 'verb', 'to appear'),
(454, 'en', 'verb', 'to apply to sth.'),
(243, 'en', 'verb', 'to arise'),
(258, 'en', 'verb', 'to assert'),
(496, 'en', 'verb', 'to assign'),
(12, 'en', 'verb', 'to author'),
(170, 'en', 'verb', 'to be born'),
(107, 'en', 'verb', 'to be crazy about sth.'),
(377, 'en', 'verb', 'to be directed at sth.'),
(135, 'en', 'verb', 'to be lucky'),
(94, 'en', 'verb', 'to block out'),
(313, 'en', 'verb', 'to break down'),
(337, 'en', 'verb', 'to bring in'),
(358, 'en', 'verb', 'to buzz'),
(262, 'en', 'verb', 'to carry out'),
(125, 'en', 'verb', 'to catch sight of'),
(166, 'en', 'verb', 'to cheat'),
(103, 'en', 'verb', 'to cheer'),
(555, 'en', 'verb', 'to claim'),
(546, 'en', 'verb', 'to clip'),
(311, 'en', 'verb', 'to collapse'),
(40, 'en', 'verb', 'to command a skill'),
(86, 'en', 'verb', 'to complain'),
(222, 'en', 'verb', 'to complete'),
(74, 'en', 'verb', 'to compliment so. on sth.'),
(13, 'en', 'verb', 'to compose'),
(406, 'en', 'verb', 'to concern'),
(264, 'en', 'verb', 'to contain'),
(87, 'en', 'verb', 'to criticise'),
(544, 'en', 'verb', 'to cut off'),
(207, 'en', 'verb', 'to date back'),
(355, 'en', 'verb', 'to deceive'),
(259, 'en', 'verb', 'to declare'),
(344, 'en', 'verb', 'to decorate'),
(15, 'en', 'verb', 'to demand'),
(257, 'en', 'verb', 'to determine'),
(246, 'en', 'verb', 'to develop'),
(351, 'en', 'verb', 'to devise'),
(48, 'en', 'verb', 'to displace'),
(284, 'en', 'verb', 'to emerge as sth.'),
(117, 'en', 'verb', 'to enforce'),
(301, 'en', 'verb', 'to enrich'),
(221, 'en', 'verb', 'to execute'),
(581, 'en', 'verb', 'to experience'),
(128, 'en', 'verb', 'to explain'),
(489, 'en', 'verb', 'to extend'),
(312, 'en', 'verb', 'to fail'),
(220, 'en', 'verb', 'to finish'),
(303, 'en', 'verb', 'to forecast'),
(178, 'en', 'verb', 'to free'),
(582, 'en', 'verb', 'to go through'),
(357, 'en', 'verb', 'to hum'),
(422, 'en', 'verb', 'to impose'),
(542, 'en', 'verb', 'to indulge in sth.'),
(72, 'en', 'verb', 'to inform so. about sth.'),
(105, 'en', 'verb', 'to inspire'),
(338, 'en', 'verb', 'to introduce'),
(350, 'en', 'verb', 'to invent'),
(292, 'en', 'verb', 'to iron'),
(55, 'en', 'verb', 'to leave'),
(95, 'en', 'verb', 'to lock'),
(162, 'en', 'verb', 'to look after sth.'),
(80, 'en', 'verb', 'to manage'),
(317, 'en', 'verb', 'to memorize'),
(295, 'en', 'verb', 'to mend'),
(16, 'en', 'verb', 'to necessitate'),
(568, 'en', 'verb', 'to notify'),
(244, 'en', 'verb', 'to occur'),
(81, 'en', 'verb', 'to overcome'),
(130, 'en', 'verb', 'to own'),
(294, 'en', 'verb', 'to patch'),
(298, 'en', 'verb', 'to patch up'),
(261, 'en', 'verb', 'to perform'),
(113, 'en', 'verb', 'to play'),
(340, 'en', 'verb', 'to play a part in sth.'),
(131, 'en', 'verb', 'to possess'),
(304, 'en', 'verb', 'to predict'),
(115, 'en', 'verb', 'to prevail'),
(342, 'en', 'verb', 'to produce'),
(224, 'en', 'verb', 'to provide'),
(118, 'en', 'verb', 'to push'),
(488, 'en', 'verb', 'to reach'),
(379, 'en', 'verb', 'to recommend'),
(405, 'en', 'verb', 'to regard'),
(237, 'en', 'verb', 'to rely on sth.'),
(296, 'en', 'verb', 'to repair'),
(47, 'en', 'verb', 'to replace'),
(17, 'en', 'verb', 'to require'),
(180, 'en', 'verb', 'to resolve'),
(315, 'en', 'verb', 'to save'),
(2, 'en', 'verb', 'to say goodbye'),
(126, 'en', 'verb', 'to set eyes on'),
(109, 'en', 'verb', 'to shake'),
(71, 'en', 'verb', 'to share sth. with so.'),
(43, 'en', 'verb', 'to silence so.'),
(181, 'en', 'verb', 'to slacken'),
(84, 'en', 'verb', 'to smash'),
(179, 'en', 'verb', 'to solve'),
(491, 'en', 'verb', 'to span over'),
(93, 'en', 'verb', 'to stop'),
(316, 'en', 'verb', 'to store'),
(46, 'en', 'verb', 'to supersede'),
(38, 'en', 'verb', 'to suppose'),
(79, 'en', 'verb', 'to tackle'),
(161, 'en', 'verb', 'to take care of sth.'),
(3, 'en', 'verb', 'to take one''s leave of so.'),
(70, 'en', 'verb', 'to tell so. sth.'),
(545, 'en', 'verb', 'to trim'),
(306, 'en', 'verb', 'to trust in sth.'),
(285, 'en', 'verb', 'to turn out to be sth.'),
(580, 'en', 'verb', 'to undergo'),
(11, 'en', 'verb', 'to write'),
(335, 'en', 'noun', 'transfer'),
(560, 'en', 'noun', 'treatment'),
(319, 'en', 'noun', 'tuft'),
(504, 'en', 'adjective/adverb', 'typically'),
(282, 'en', 'adjective/adverb', 'unfeasible'),
(564, 'en', 'noun', 'use'),
(505, 'en', 'adjective/adverb', 'usually'),
(403, 'en', 'adjective/adverb', 'valid'),
(562, 'en', 'noun', 'vein'),
(401, 'en', 'noun', 'version'),
(324, 'en', 'noun', 'weed'),
(325, 'en', 'noun', 'weeds'),
(549, 'en', 'adjective/adverb', 'wide open'),
(500, 'en', 'adjective/adverb', 'wide-ranging'),
(477, 'en', 'noun', 'workmanship'),
(364, 'en', 'adjective/adverb', 'worn out'),
(4, 'fr', 'verb', 'congédier qn.');

-- --------------------------------------------------------

--
-- Table structure for table `meanings`
--

CREATE TABLE IF NOT EXISTS `meanings` (
  `id` int(10) NOT NULL AUTO_INCREMENT,
  `userid` int(10) DEFAULT NULL,
  `targetid` int(10) NOT NULL,
  `baseid` int(10) NOT NULL,
  `frequency` int(10) NOT NULL DEFAULT '1',
  `date_entered` timestamp NOT NULL DEFAULT CURRENT_TIMESTAMP,
  PRIMARY KEY (`id`),
  UNIQUE KEY `unique_meaning_per_user_constraint` (`targetid`,`baseid`,`userid`),
  KEY `base` (`targetid`),
  KEY `target` (`baseid`),
  KEY `user_meaning` (`userid`)
) ENGINE=InnoDB  DEFAULT CHARSET=latin1 AUTO_INCREMENT=366 ;

--
-- Dumping data for table `meanings`
--

INSERT INTO `meanings` (`id`, `userid`, `targetid`, `baseid`, `frequency`, `date_entered`) VALUES
(1, 1, 1, 2, 1, '2014-11-17 07:37:55'),
(2, 1, 1, 3, 1, '2014-11-17 08:09:21'),
(3, 1, 1, 4, 1, '2014-11-17 08:42:13'),
(4, 1, 5, 8, 1, '2014-11-18 08:37:34'),
(5, 1, 5, 9, 1, '2014-11-18 08:39:18'),
(6, 1, 10, 11, 1, '2014-11-18 08:41:49'),
(7, 1, 10, 12, 1, '2014-11-18 08:41:53'),
(8, 1, 10, 13, 1, '2014-11-18 08:42:01'),
(10, 1, 14, 15, 1, '2014-11-18 08:53:27'),
(11, 1, 14, 16, 1, '2014-11-18 08:53:34'),
(12, 1, 14, 17, 1, '2014-11-18 08:53:39'),
(14, 1, 18, 19, 1, '2014-11-18 08:55:07'),
(15, 1, 20, 21, 1, '2014-11-18 08:57:02'),
(16, 1, 22, 23, 1, '2014-11-18 08:57:55'),
(17, 1, 24, 25, 1, '2014-11-18 08:59:05'),
(18, 1, 24, 26, 1, '2014-11-18 08:59:10'),
(19, 1, 24, 27, 1, '2014-11-18 08:59:14'),
(20, 1, 28, 29, 1, '2014-11-18 09:00:39'),
(22, 1, 30, 31, 1, '2014-11-18 09:04:37'),
(23, 1, 30, 32, 1, '2014-11-18 09:04:41'),
(24, 1, 30, 33, 1, '2014-11-18 09:04:49'),
(25, 1, 34, 35, 1, '2014-11-18 09:05:52'),
(26, 1, 36, 37, 1, '2014-11-18 09:07:02'),
(27, 1, 36, 38, 1, '2014-11-18 09:07:09'),
(28, 1, 39, 40, 1, '2014-11-18 09:19:35'),
(29, 1, 41, 40, 1, '2014-11-18 09:19:35'),
(30, 1, 42, 43, 1, '2014-11-18 09:25:59'),
(31, 1, 45, 46, 1, '2014-11-19 08:07:19'),
(32, 1, 45, 47, 1, '2014-11-19 08:07:36'),
(33, 1, 45, 48, 1, '2014-11-19 08:08:15'),
(34, 1, 49, 50, 1, '2014-11-19 08:10:33'),
(35, 1, 51, 52, 1, '2014-11-19 08:11:31'),
(36, 1, 51, 53, 1, '2014-11-19 08:11:40'),
(37, 1, 54, 55, 1, '2014-11-19 08:14:04'),
(39, 1, 60, 55, 1, '2014-11-19 08:14:04'),
(41, 1, 62, 63, 1, '2014-11-19 08:34:57'),
(42, 1, 62, 64, 1, '2014-11-19 08:35:01'),
(44, 1, 65, 66, 1, '2014-11-19 08:46:54'),
(45, 1, 67, 68, 1, '2014-11-19 08:48:27'),
(46, 1, 69, 70, 1, '2014-11-19 08:50:18'),
(47, 1, 69, 71, 1, '2014-11-19 08:50:39'),
(48, 1, 69, 72, 1, '2014-11-19 08:50:54'),
(49, 1, 73, 74, 1, '2014-11-19 08:53:16'),
(50, 1, 75, 76, 1, '2014-11-19 09:18:53'),
(51, 1, 75, 77, 1, '2014-11-19 09:19:00'),
(52, 1, 78, 79, 1, '2014-11-19 09:21:10'),
(53, 1, 78, 80, 1, '2014-11-19 09:21:16'),
(54, 1, 78, 81, 1, '2014-11-19 09:21:19'),
(55, 1, 82, 83, 1, '2014-11-19 09:32:28'),
(57, 1, 82, 84, 1, '2014-11-19 09:32:44'),
(58, 1, 85, 86, 1, '2014-11-19 09:34:45'),
(59, 1, 85, 87, 1, '2014-11-19 09:34:54'),
(60, 1, 88, 89, 1, '2014-11-19 09:36:07'),
(61, 1, 90, 91, 1, '2014-11-19 14:28:12'),
(62, 1, 92, 93, 1, '2014-11-19 14:30:50'),
(63, 1, 92, 94, 1, '2014-11-19 14:30:56'),
(64, 1, 92, 95, 1, '2014-11-19 14:31:05'),
(65, 1, 96, 97, 1, '2014-11-19 14:33:05'),
(66, 1, 98, 99, 1, '2014-11-19 14:34:21'),
(67, 1, 100, 101, 1, '2014-11-19 14:35:59'),
(68, 1, 102, 103, 1, '2014-11-19 14:36:40'),
(69, 1, 104, 105, 1, '2014-11-19 14:38:04'),
(70, 1, 106, 107, 1, '2014-11-19 14:38:44'),
(71, 1, 108, 109, 1, '2014-11-19 14:39:22'),
(72, 1, 110, 111, 1, '2014-11-19 14:42:53'),
(73, 1, 112, 113, 1, '2014-11-19 14:47:23'),
(74, 1, 114, 115, 1, '2014-11-19 15:02:18'),
(75, 1, 116, 117, 1, '2014-11-19 15:03:19'),
(76, 1, 116, 118, 1, '2014-11-19 15:03:25'),
(77, 1, 119, 120, 1, '2014-11-19 15:05:36'),
(78, 1, 119, 121, 1, '2014-11-19 15:05:45'),
(79, 1, 122, 123, 1, '2014-11-19 15:10:20'),
(84, 1, 124, 125, 1, '2014-11-20 12:31:09'),
(85, 1, 124, 126, 1, '2014-11-20 12:31:11'),
(86, 1, 127, 128, 1, '2014-11-20 12:33:26'),
(87, 1, 129, 130, 1, '2014-11-20 12:34:39'),
(88, 1, 129, 131, 1, '2014-11-20 12:34:41'),
(89, 1, 132, 133, 1, '2014-11-20 12:36:41'),
(90, 1, 134, 135, 1, '2014-11-20 12:38:36'),
(91, 1, 136, 137, 1, '2014-11-20 12:39:26'),
(92, 1, 138, 139, 1, '2014-11-20 12:40:05'),
(93, 1, 140, 141, 1, '2014-11-20 12:40:53'),
(94, 1, 140, 142, 1, '2014-11-20 12:40:56'),
(95, 1, 143, 144, 1, '2014-11-20 12:41:38'),
(96, 1, 143, 145, 1, '2014-11-20 12:41:41'),
(97, 1, 146, 147, 1, '2014-11-20 12:42:09'),
(98, 1, 148, 149, 1, '2014-11-20 12:43:18'),
(99, 1, 150, 151, 1, '2014-11-20 12:44:03'),
(100, 1, 152, 153, 1, '2014-11-20 12:47:20'),
(101, 1, 154, 155, 1, '2014-11-20 12:47:59'),
(102, 1, 156, 157, 1, '2014-11-20 12:49:02'),
(103, 1, 158, 159, 1, '2014-11-20 12:50:31'),
(105, 1, 160, 161, 1, '2014-11-20 12:53:27'),
(106, 1, 160, 162, 1, '2014-11-20 12:53:31'),
(107, 1, 163, 164, 1, '2014-11-20 12:54:48'),
(108, 1, 165, 166, 1, '2014-11-20 12:57:26'),
(109, 1, 167, 168, 1, '2014-11-20 12:58:24'),
(110, 1, 169, 170, 1, '2014-11-20 13:00:43'),
(111, 1, 171, 172, 1, '2014-11-20 13:02:39'),
(112, 1, 173, 174, 1, '2014-11-20 13:04:11'),
(113, 1, 173, 175, 1, '2014-11-20 13:04:14'),
(114, 1, 173, 176, 1, '2014-11-20 13:04:16'),
(115, 1, 177, 178, 1, '2014-11-20 13:05:45'),
(116, 1, 177, 179, 1, '2014-11-20 13:05:48'),
(117, 1, 177, 180, 1, '2014-11-20 13:05:51'),
(118, 1, 177, 181, 1, '2014-11-20 13:05:55'),
(119, 1, 182, 183, 1, '2014-11-20 13:06:52'),
(120, 1, 184, 185, 1, '2014-11-20 13:08:03'),
(121, 1, 186, 187, 1, '2014-11-20 13:08:55'),
(122, 1, 188, 189, 1, '2014-11-20 13:10:54'),
(123, 1, 188, 190, 1, '2014-11-20 13:10:57'),
(125, 1, 191, 192, 1, '2014-11-20 13:12:05'),
(126, 1, 191, 193, 1, '2014-11-20 13:12:08'),
(128, 1, 194, 195, 1, '2014-11-20 13:13:14'),
(129, 1, 196, 197, 1, '2014-11-20 13:14:19'),
(130, 1, 198, 199, 1, '2014-11-20 13:15:02'),
(132, 1, 198, 200, 1, '2014-11-20 13:15:26'),
(133, 1, 198, 201, 1, '2014-11-20 13:15:50'),
(134, 1, 203, 204, 1, '2014-11-20 13:18:09'),
(135, 1, 203, 205, 1, '2014-11-20 13:18:15'),
(136, 1, 206, 207, 1, '2014-11-20 13:19:29'),
(137, 1, 208, 209, 1, '2014-11-20 13:20:16'),
(138, 1, 210, 211, 1, '2014-11-20 13:20:49'),
(139, 1, 212, 213, 1, '2014-11-20 13:23:24'),
(140, 1, 214, 215, 1, '2014-11-20 13:24:27'),
(141, 1, 216, 217, 1, '2014-11-20 13:25:20'),
(142, 1, 216, 218, 1, '2014-11-20 13:25:23'),
(143, 1, 219, 220, 1, '2014-11-20 13:26:49'),
(145, 1, 219, 221, 1, '2014-11-20 13:26:56'),
(146, 1, 219, 222, 1, '2014-11-20 13:26:59'),
(147, 1, 223, 224, 1, '2014-11-21 02:39:21'),
(148, 1, 227, 19, 1, '2014-11-21 02:41:58'),
(149, 1, 227, 228, 1, '2014-11-21 02:43:03'),
(150, 1, 227, 229, 1, '2014-11-21 02:43:05'),
(151, 1, 230, 231, 1, '2014-11-21 03:10:26'),
(152, 1, 230, 232, 1, '2014-11-21 03:10:30'),
(153, 1, 230, 233, 1, '2014-11-21 03:10:34'),
(154, 1, 234, 55, 1, '2014-11-21 03:15:13'),
(155, 1, 236, 237, 1, '2014-11-21 03:16:13'),
(156, 1, 238, 239, 1, '2014-11-21 03:20:19'),
(157, 1, 238, 240, 1, '2014-11-21 03:20:21'),
(158, 1, 238, 241, 1, '2014-11-21 03:20:26'),
(159, 1, 242, 243, 1, '2014-11-21 03:22:04'),
(160, 1, 242, 244, 1, '2014-11-21 03:22:08'),
(161, 1, 242, 245, 1, '2014-11-21 03:22:12'),
(162, 1, 242, 246, 1, '2014-11-21 03:22:15'),
(163, 1, 247, 248, 1, '2014-11-21 03:24:28'),
(164, 1, 247, 249, 1, '2014-11-21 03:24:31'),
(165, 1, 250, 251, 1, '2014-11-21 03:25:30'),
(166, 1, 252, 253, 1, '2014-11-21 03:26:51'),
(167, 1, 252, 254, 1, '2014-11-21 03:26:55'),
(168, 1, 252, 255, 1, '2014-11-21 03:26:59'),
(169, 1, 256, 257, 1, '2014-11-21 03:28:39'),
(170, 1, 256, 258, 1, '2014-11-21 03:28:42'),
(171, 1, 256, 259, 1, '2014-11-21 03:28:45'),
(172, 1, 260, 261, 1, '2014-11-21 03:33:55'),
(173, 1, 260, 262, 1, '2014-11-21 03:33:57'),
(174, 1, 263, 264, 1, '2014-11-21 04:14:21'),
(175, 1, 265, 264, 1, '2014-11-21 04:14:54'),
(176, 1, 266, 267, 1, '2014-11-21 04:59:24'),
(177, 1, 268, 269, 1, '2014-11-21 05:00:18'),
(178, 1, 270, 271, 1, '2014-11-21 05:01:02'),
(179, 1, 270, 272, 1, '2014-11-21 05:01:04'),
(180, 1, 273, 274, 1, '2014-11-21 05:01:52'),
(181, 1, 273, 275, 1, '2014-11-21 05:01:54'),
(182, 1, 273, 276, 1, '2014-11-21 05:01:57'),
(183, 1, 277, 278, 1, '2014-11-21 05:02:42'),
(184, 1, 279, 281, 1, '2014-11-21 05:04:26'),
(185, 1, 279, 282, 1, '2014-11-21 05:04:28'),
(186, 1, 280, 281, 1, '2014-11-21 05:05:00'),
(187, 1, 280, 282, 1, '2014-11-21 05:05:08'),
(188, 1, 283, 284, 1, '2014-11-21 05:07:02'),
(189, 1, 283, 285, 1, '2014-11-21 05:07:53'),
(190, 1, 286, 287, 1, '2014-11-21 05:11:24'),
(191, 1, 286, 288, 1, '2014-11-21 05:11:30'),
(192, 1, 286, 289, 1, '2014-11-21 05:11:37'),
(193, 1, 286, 290, 1, '2014-11-21 05:11:41'),
(194, 1, 291, 292, 1, '2014-11-21 05:12:38'),
(195, 1, 293, 294, 1, '2014-11-22 05:15:17'),
(196, 1, 293, 295, 1, '2014-11-22 05:15:30'),
(197, 1, 293, 296, 1, '2014-11-22 05:15:41'),
(198, 1, 297, 298, 1, '2014-11-22 05:16:40'),
(199, 1, 299, 298, 1, '2014-11-22 05:17:02'),
(200, 1, 300, 301, 1, '2014-11-22 05:17:44'),
(201, 1, 302, 303, 1, '2014-11-22 05:19:17'),
(202, 1, 302, 304, 1, '2014-11-22 05:19:26'),
(203, 1, 305, 306, 1, '2014-11-22 05:28:58'),
(204, 1, 307, 308, 1, '2014-11-22 05:30:12'),
(205, 1, 307, 309, 1, '2014-11-22 05:30:14'),
(206, 1, 310, 311, 1, '2014-11-22 05:31:49'),
(207, 1, 310, 312, 1, '2014-11-22 05:31:56'),
(208, 1, 310, 313, 1, '2014-11-22 05:31:59'),
(209, 1, 314, 315, 1, '2014-11-22 05:33:19'),
(210, 1, 314, 316, 1, '2014-11-22 05:33:22'),
(211, 1, 314, 317, 1, '2014-11-22 05:33:25'),
(212, 1, 318, 319, 1, '2014-11-22 05:34:18'),
(213, 1, 321, 322, 1, '2014-11-22 05:35:52'),
(214, 1, 323, 324, 1, '2014-11-22 05:36:59'),
(215, 1, 323, 325, 1, '2014-11-22 05:37:01'),
(216, 1, 326, 327, 1, '2014-11-22 05:38:05'),
(217, 1, 328, 329, 1, '2014-11-22 05:39:24'),
(218, 1, 330, 331, 1, '2014-11-22 05:39:54'),
(219, 1, 332, 333, 1, '2014-11-22 05:40:37'),
(220, 1, 334, 335, 1, '2014-11-22 05:41:30'),
(221, 1, 336, 337, 1, '2014-11-22 05:42:46'),
(222, 1, 336, 338, 1, '2014-11-22 05:42:48'),
(223, 1, 339, 340, 1, '2014-11-22 05:43:30'),
(224, 1, 341, 342, 1, '2014-11-22 06:10:31'),
(225, 1, 343, 344, 1, '2014-11-22 06:12:28'),
(226, 1, 345, 346, 1, '2014-11-22 06:13:36'),
(227, 1, 345, 347, 1, '2014-11-22 06:13:38'),
(228, 1, 345, 348, 1, '2014-11-22 06:13:41'),
(229, 1, 349, 350, 1, '2014-11-22 06:14:42'),
(230, 1, 349, 351, 1, '2014-11-22 06:14:44'),
(231, 1, 352, 353, 1, '2014-11-22 06:15:31'),
(232, 1, 354, 355, 1, '2014-11-22 06:16:56'),
(233, 1, 356, 357, 1, '2014-11-22 06:34:58'),
(234, 1, 356, 358, 1, '2014-11-22 06:35:00'),
(235, 1, 359, 360, 1, '2014-11-22 06:36:25'),
(236, 1, 361, 362, 1, '2014-11-22 06:37:21'),
(237, 1, 361, 363, 1, '2014-11-22 06:37:37'),
(238, 1, 361, 364, 1, '2014-11-22 06:37:39'),
(239, 1, 365, 366, 1, '2014-11-22 06:38:26'),
(240, 1, 367, 368, 1, '2014-11-22 06:40:20'),
(241, 1, 369, 370, 1, '2014-11-22 06:41:27'),
(242, 1, 371, 372, 1, '2014-11-22 06:47:27'),
(243, 1, 373, 374, 1, '2014-11-22 06:47:36'),
(244, 1, 375, 376, 1, '2014-11-23 02:39:46'),
(245, 1, 375, 377, 1, '2014-11-23 02:39:48'),
(246, 1, 378, 379, 1, '2014-11-23 02:40:29'),
(247, 1, 380, 381, 1, '2014-11-23 02:41:15'),
(248, 1, 380, 382, 1, '2014-11-23 02:41:17'),
(249, 1, 383, 384, 1, '2014-11-23 02:44:33'),
(250, 1, 385, 386, 1, '2014-11-23 02:44:37'),
(251, 1, 387, 388, 2, '2014-11-23 02:46:45'),
(252, 1, 387, 389, 2, '2014-11-23 02:46:49'),
(253, 1, 390, 285, 1, '2014-11-23 02:48:42'),
(254, 1, 392, 393, 1, '2014-11-23 02:49:45'),
(255, 1, 392, 394, 1, '2014-11-23 02:49:48'),
(256, 1, 392, 395, 1, '2014-11-23 02:49:50'),
(257, 1, 396, 397, 1, '2014-11-23 02:50:52'),
(258, 1, 398, 399, 1, '2014-11-23 03:03:15'),
(259, 1, 400, 401, 1, '2014-11-23 03:04:08'),
(260, 1, 402, 403, 1, '2014-11-23 03:04:49'),
(261, 1, 404, 405, 1, '2014-11-23 03:06:50'),
(262, 1, 404, 406, 1, '2014-11-23 03:06:52'),
(263, 1, 407, 408, 1, '2014-11-23 03:11:03'),
(264, 1, 409, 224, 1, '2014-11-23 03:12:25'),
(265, 1, 411, 412, 1, '2014-11-23 04:31:26'),
(266, 1, 413, 414, 2, '2014-11-23 04:32:38'),
(267, 1, 415, 17, 1, '2014-11-23 04:36:40'),
(269, 1, 417, 418, 1, '2014-11-23 04:38:30'),
(270, 1, 419, 420, 1, '2014-11-23 04:39:59'),
(271, 1, 421, 422, 1, '2014-11-23 04:40:55'),
(272, 1, 423, 424, 1, '2014-11-23 04:41:25'),
(273, 1, 425, 426, 1, '2014-11-23 04:42:16'),
(274, 1, 427, 428, 1, '2014-11-23 04:42:58'),
(275, 1, 429, 430, 1, '2014-11-23 04:43:58'),
(276, 1, 431, 432, 1, '2014-11-23 04:44:23'),
(278, 1, 433, 435, 1, '2014-11-23 04:46:51'),
(279, 1, 433, 436, 1, '2014-11-23 04:46:55'),
(280, 1, 437, 438, 1, '2014-11-23 04:48:19'),
(281, 1, 437, 68, 1, '2014-11-23 04:48:25'),
(282, 1, 440, 442, 1, '2014-11-23 04:51:40'),
(283, 1, 440, 399, 1, '2014-11-23 04:51:47'),
(284, 1, 443, 444, 1, '2014-11-23 04:53:38'),
(285, 1, 445, 446, 1, '2014-11-23 04:55:03'),
(286, 1, 445, 447, 1, '2014-11-23 04:55:24'),
(287, 1, 448, 79, 1, '2014-11-23 04:58:47'),
(288, 1, 450, 451, 1, '2014-11-23 05:00:32'),
(289, 1, 450, 452, 1, '2014-11-23 05:00:34'),
(290, 1, 453, 454, 1, '2014-11-23 05:04:31'),
(291, 1, 455, 456, 1, '2014-11-23 05:10:02'),
(292, 1, 457, 458, 1, '2014-11-23 05:14:08'),
(293, 1, 459, 460, 1, '2014-11-25 07:37:53'),
(294, 1, 461, 462, 1, '2014-11-25 07:40:43'),
(295, 1, 463, 464, 1, '2014-11-25 07:42:12'),
(296, 1, 465, 466, 1, '2014-11-25 07:43:03'),
(297, 1, 467, 468, 1, '2014-11-25 07:43:29'),
(298, 1, 469, 470, 2, '2014-11-25 07:45:37'),
(299, 1, 469, 471, 2, '2014-11-25 07:45:39'),
(300, 1, 472, 464, 1, '2014-11-25 07:47:29'),
(301, 1, 474, 475, 1, '2014-11-25 07:49:30'),
(302, 1, 476, 477, 1, '2014-11-25 07:49:37'),
(303, 1, 478, 479, 1, '2014-11-25 07:52:20'),
(304, 1, 480, 481, 1, '2014-11-25 07:52:51'),
(305, 1, 482, 483, 1, '2014-11-25 07:53:49'),
(306, 1, 482, 484, 1, '2014-11-25 07:53:53'),
(307, 1, 485, 486, 1, '2014-11-25 07:55:13'),
(308, 1, 487, 488, 1, '2014-11-25 07:57:14'),
(309, 1, 487, 489, 1, '2014-11-25 07:57:16'),
(310, 1, 490, 491, 1, '2014-11-25 07:57:25'),
(312, 1, 492, 493, 1, '2014-11-25 07:58:23'),
(313, 1, 494, 495, 1, '2014-11-25 08:06:39'),
(315, 1, 494, 496, 1, '2014-11-25 08:07:40'),
(316, 1, 497, 342, 1, '2014-11-25 08:08:37'),
(317, 1, 499, 500, 1, '2014-11-25 08:13:02'),
(318, 1, 501, 502, 1, '2014-11-25 08:13:42'),
(319, 1, 503, 504, 1, '2014-11-25 08:15:18'),
(320, 1, 503, 505, 1, '2014-11-25 08:15:23'),
(321, 1, 506, 507, 1, '2014-11-25 08:20:31'),
(322, 1, 506, 508, 1, '2014-11-25 08:20:39'),
(323, 1, 506, 509, 1, '2014-11-25 08:20:41'),
(324, 1, 510, 511, 1, '2014-11-25 08:21:14'),
(325, 1, 512, 513, 1, '2014-11-25 08:21:52'),
(326, 1, 514, 515, 1, '2014-11-25 08:23:14'),
(327, 1, 516, 25, 1, '2014-11-25 08:24:23'),
(328, 1, 518, 521, 1, '2014-11-25 10:21:55'),
(329, 1, 519, 522, 1, '2014-11-25 10:22:04'),
(330, 1, 520, 523, 1, '2014-11-25 10:22:10'),
(331, 1, 524, 525, 1, '2014-11-25 10:23:32'),
(332, 1, 526, 527, 1, '2014-11-25 10:24:34'),
(333, 1, 526, 528, 1, '2014-11-25 10:24:37'),
(334, 1, 529, 530, 1, '2014-11-25 10:27:04'),
(335, 1, 531, 532, 1, '2014-11-25 10:27:56'),
(336, 1, 533, 534, 1, '2014-11-25 10:29:10'),
(337, 1, 533, 535, 1, '2014-11-25 10:29:12'),
(338, 1, 536, 537, 1, '2014-11-25 10:30:21'),
(339, 1, 538, 539, 1, '2014-11-25 10:33:38'),
(341, 1, 540, 541, 1, '2014-11-25 10:35:38'),
(342, 1, 540, 542, 1, '2014-11-25 10:35:40'),
(343, 1, 543, 544, 1, '2014-11-25 10:36:49'),
(344, 1, 543, 545, 1, '2014-11-25 10:36:51'),
(345, 1, 543, 546, 1, '2014-11-25 10:36:54'),
(346, 1, 547, 548, 1, '2014-11-25 10:37:50'),
(347, 1, 547, 549, 1, '2014-11-25 10:37:51'),
(348, 1, 550, 551, 1, '2014-11-25 10:38:26'),
(349, 1, 552, 553, 1, '2014-11-25 11:08:53'),
(350, 1, 554, 555, 1, '2014-11-25 11:09:43'),
(351, 1, 557, 558, 1, '2014-11-25 11:24:48'),
(352, 1, 559, 560, 1, '2014-11-25 11:25:38'),
(353, 1, 561, 562, 1, '2014-11-25 11:26:26'),
(354, 1, 564, 565, 1, '2014-11-25 11:27:20'),
(355, 1, 566, 567, 1, '2014-11-25 11:28:16'),
(356, 1, 566, 568, 1, '2014-11-25 11:28:18'),
(357, 1, 570, 571, 1, '2014-11-25 11:29:18'),
(358, 1, 570, 572, 1, '2014-11-25 11:29:20'),
(359, 1, 573, 574, 1, '2014-11-25 11:30:26'),
(360, 1, 573, 575, 1, '2014-11-25 11:30:29'),
(361, 1, 573, 576, 1, '2014-11-25 11:30:30'),
(362, 1, 577, 578, 1, '2014-11-25 11:31:09'),
(363, 1, 579, 580, 1, '2014-11-25 11:32:04'),
(364, 1, 579, 581, 1, '2014-11-25 11:32:06'),
(365, 1, 579, 582, 1, '2014-11-25 11:32:10');

-- --------------------------------------------------------

--
-- Stand-in structure for view `target_lexemes`
--
CREATE TABLE IF NOT EXISTS `target_lexemes` (
`id` int(10)
,`language` char(2)
,`type` varchar(30)
,`entry` varchar(255)
,`frequency` int(10)
);
-- --------------------------------------------------------

--
-- Table structure for table `users`
--

CREATE TABLE IF NOT EXISTS `users` (
  `id` int(10) NOT NULL AUTO_INCREMENT,
  `username` varchar(255) NOT NULL,
  `email` varchar(255) NOT NULL,
  `password` varchar(255) NOT NULL,
  `target_language` char(2) NOT NULL,
  `base_language` char(2) NOT NULL,
  `date_joined` timestamp NOT NULL DEFAULT CURRENT_TIMESTAMP,
  PRIMARY KEY (`id`),
  UNIQUE KEY `email` (`email`),
  KEY `user_base_language` (`base_language`),
  KEY `user_target_language` (`target_language`)
) ENGINE=InnoDB  DEFAULT CHARSET=latin1 AUTO_INCREMENT=3 ;

--
-- Dumping data for table `users`
--

INSERT INTO `users` (`id`, `username`, `email`, `password`, `target_language`, `base_language`, `date_joined`) VALUES
(1, 'deanrobertcook', 'deanrobertcook@gmail.com', 'password', 'de', 'en', '2014-11-17 07:35:16'),
(2, 'testUser', 'test@test.com', 'password', 'de', 'en', '2014-11-20 11:46:42');

-- --------------------------------------------------------

--
-- Stand-in structure for view `word_list`
--
CREATE TABLE IF NOT EXISTS `word_list` (
`meaningid` int(10)
,`frequency` int(10)
,`target_id` int(10)
,`target_entry_type` varchar(30)
,`target_entry` varchar(255)
,`base_id` int(10)
,`base_entry` varchar(255)
);
-- --------------------------------------------------------

--
-- Stand-in structure for view `word_list_verbose`
--
CREATE TABLE IF NOT EXISTS `word_list_verbose` (
`userid` int(10)
,`meaningid` int(10)
,`frequency` int(10)
,`target_id` int(10)
,`target_language` char(2)
,`target_entry_type` varchar(30)
,`target_entry` varchar(255)
,`base_id` int(10)
,`base_language` char(2)
,`base_entry` varchar(255)
,`date_entered` timestamp
);
-- --------------------------------------------------------

--
-- Structure for view `base_lexemes`
--
DROP TABLE IF EXISTS `base_lexemes`;

CREATE ALGORITHM=UNDEFINED DEFINER=`root`@`localhost` SQL SECURITY DEFINER VIEW `base_lexemes` AS select distinct `meanings`.`id` AS `meaningid`,`meanings`.`targetid` AS `targetid`,`meanings`.`userid` AS `userid`,`lexemes`.`id` AS `id`,`lexemes`.`language` AS `language`,`lexemes`.`entry` AS `entry`,`meanings`.`date_entered` AS `date_entered` from (`lexemes` join `meanings` on((`lexemes`.`id` = `meanings`.`baseid`)));

-- --------------------------------------------------------

--
-- Structure for view `target_lexemes`
--
DROP TABLE IF EXISTS `target_lexemes`;

CREATE ALGORITHM=UNDEFINED DEFINER=`root`@`localhost` SQL SECURITY DEFINER VIEW `target_lexemes` AS select distinct `lexemes`.`id` AS `id`,`lexemes`.`language` AS `language`,`lexemes`.`type` AS `type`,`lexemes`.`entry` AS `entry`,`meanings`.`frequency` AS `frequency` from (`lexemes` join `meanings` on((`lexemes`.`id` = `meanings`.`targetid`)));

-- --------------------------------------------------------

--
-- Structure for view `word_list`
--
DROP TABLE IF EXISTS `word_list`;

CREATE ALGORITHM=UNDEFINED DEFINER=`root`@`localhost` SQL SECURITY DEFINER VIEW `word_list` AS select `word_list_verbose`.`meaningid` AS `meaningid`,`word_list_verbose`.`frequency` AS `frequency`,`word_list_verbose`.`target_id` AS `target_id`,`word_list_verbose`.`target_entry_type` AS `target_entry_type`,`word_list_verbose`.`target_entry` AS `target_entry`,`word_list_verbose`.`base_id` AS `base_id`,`word_list_verbose`.`base_entry` AS `base_entry` from `word_list_verbose`;

-- --------------------------------------------------------

--
-- Structure for view `word_list_verbose`
--
DROP TABLE IF EXISTS `word_list_verbose`;

CREATE ALGORITHM=UNDEFINED DEFINER=`root`@`localhost` SQL SECURITY DEFINER VIEW `word_list_verbose` AS select `base_lexemes`.`userid` AS `userid`,`base_lexemes`.`meaningid` AS `meaningid`,`target_lexemes`.`frequency` AS `frequency`,`target_lexemes`.`id` AS `target_id`,`target_lexemes`.`language` AS `target_language`,`target_lexemes`.`type` AS `target_entry_type`,`target_lexemes`.`entry` AS `target_entry`,`base_lexemes`.`id` AS `base_id`,`base_lexemes`.`language` AS `base_language`,`base_lexemes`.`entry` AS `base_entry`,`base_lexemes`.`date_entered` AS `date_entered` from (`target_lexemes` join `base_lexemes` on((`base_lexemes`.`targetid` = `target_lexemes`.`id`)));

--
-- Constraints for dumped tables
--

--
-- Constraints for table `clarifications`
--
ALTER TABLE `clarifications`
  ADD CONSTRAINT `meaning_clarifications` FOREIGN KEY (`meaningID`) REFERENCES `meanings` (`id`) ON DELETE CASCADE ON UPDATE CASCADE;

--
-- Constraints for table `examples`
--
ALTER TABLE `examples`
  ADD CONSTRAINT `meaning_examples` FOREIGN KEY (`meaningID`) REFERENCES `meanings` (`id`) ON DELETE CASCADE ON UPDATE CASCADE;

--
-- Constraints for table `lexemes`
--
ALTER TABLE `lexemes`
  ADD CONSTRAINT `lexeme_language` FOREIGN KEY (`language`) REFERENCES `languages` (`iso_639`) ON UPDATE CASCADE;

--
-- Constraints for table `meanings`
--
ALTER TABLE `meanings`
  ADD CONSTRAINT `base` FOREIGN KEY (`targetid`) REFERENCES `lexemes` (`id`),
  ADD CONSTRAINT `target` FOREIGN KEY (`baseid`) REFERENCES `lexemes` (`id`) ON DELETE CASCADE,
  ADD CONSTRAINT `user_meaning` FOREIGN KEY (`userid`) REFERENCES `users` (`id`);

--
-- Constraints for table `users`
--
ALTER TABLE `users`
  ADD CONSTRAINT `user_base_language` FOREIGN KEY (`base_language`) REFERENCES `languages` (`iso_639`) ON UPDATE CASCADE,
  ADD CONSTRAINT `user_target_language` FOREIGN KEY (`target_language`) REFERENCES `languages` (`iso_639`) ON UPDATE CASCADE;

/*!40101 SET CHARACTER_SET_CLIENT=@OLD_CHARACTER_SET_CLIENT */;
/*!40101 SET CHARACTER_SET_RESULTS=@OLD_CHARACTER_SET_RESULTS */;
/*!40101 SET COLLATION_CONNECTION=@OLD_COLLATION_CONNECTION */;
